prenom;nom;login;"ECTS acquis";Moyenne;"Choix 1";"Choix 2";"Choix 3";"Choix 4";"Choix 5";"Choix 6";"Choix 7";"Choix 8";password;pseudo;"profile picture";"birth date";adress;"attributed option"
Gabriel-Victor;Dupre;Gabriel-VictorDupre@cy-tech.fr;30;17,417;"IAC ";"HPDA ";"IAP ";"BI ";"VISUA ";"ICC ";"INEM ";CS;qB-kvE;Gabriel-Victor.Dupre;https://encrypted-tbn0.gstatic.com/images?q=tbn:ANd9GcTfrlDDg5I1qbSDkYyWpOM_d3Y-cUCou0-meYGRCgncHWWVp3bp;;;IAC
Marc;Ribeiro;MarcRibeiro@cy-tech.fr;30;16,946;"ICC ";"IAP ";"HPDA ";"IAC ";"VISUA ";"INEM ";"CS ";BI;4p8qqN;Marc.Ribeiro;https://fastcdn.mobalytics.gg/assets/lol/images/dd/summoner-icons/4568.png;;;ICC
Susan;Sauvage;SusanSauvage@cy-tech.fr;30;16,742;"IAC ";"BI ";"HPDA ";"IAP ";"ICC ";"CS ";"INEM ";VISUA;ZSB-d6;Susan.Sauvage;https://i.ibb.co/PTsRNJN/sabikui-bisco-img.jpg;;;IAC
Denis-Adrien;Alves;Denis-AdrienAlves@cy-tech.fr;30;16,662;"BI ";"IAC ";"CS ";"VISUA ";"ICC ";"INEM ";"HPDA ";IAP;o4WSWu;Denis-Adrien.Alves;https://www.101soundboards.com/storage/board_pictures/width/46/29138.webp?c=1643288470;;;BI
Michel;Levy;MichelLevy@cy-tech.fr;30;16,572;"IAC ";"IAP ";"CS ";"ICC ";"INEM ";"VISUA ";"HPDA ";BI;zz-4PM;Michel.Levy;https://encrypted-tbn0.gstatic.com/images?q=tbn:ANd9GcTfrlDDg5I1qbSDkYyWpOM_d3Y-cUCou0-meYGRCgncHWWVp3bp;;;IAC
Adélaïde;Boulay;AdélaïdeBoulay@cy-tech.fr;30;16,54;"IAC ";"IAP ";"HPDA ";"BI ";"CS ";"VISUA ";"ICC ";INEM;DvDUk7;Adélaïde.Boulay;https://www.photo21.fr/wp-content/uploads/2021/07/lama-coeur.jpg;;;IAC
Marthe;Seguin;MartheSeguin@cy-tech.fr;30;16,529;"CS ";"ICC ";"IAP ";"IAC ";"INEM ";"VISUA ";"BI ";HPDA;PHrrYy;Marthe.Seguin;https://fac.img.pmdstatic.net/fit/http.3A.2F.2Fprd2-bone-image.2Es3-website-eu-west-1.2Eamazonaws.2Ecom.2FFAC.2Fvar.2Ffemmeactuelle.2Fstorage.2Fimages.2Fanimaux.2Fnews-animaux.2Fpandas-roux-nouvelles-cibles-braconniers-asie-47384.2F14864598-1-fre-FR.2Fpandas-roux-nouvelles-cibles-des-braconniers-en-asie.2Ejpg/1200x1200/quality/80/crop-from/center/pandas-roux-nouvelles-cibles-des-braconniers-en-asie.jpeg;;;CS
Noël;Jacquet;NoëlJacquet@cy-tech.fr;30;16,427;"CS ";"ICC ";"INEM ";"IAP ";"HPDA ";"IAC ";"VISUA ";BI;ycIb8r;Noël.Jacquet;https://www.renartleveille.com/wp-content/uploads/2010/01/Regard-de-canard.jpg;;;CS
Monique;Mallet;MoniqueMallet@cy-tech.fr;30;16,333;"IAP ";"ICC ";"IAC ";"INEM ";"VISUA ";"CS ";"HPDA ";BI;7ZEHDz;Monique.Mallet;https://i.pinimg.com/originals/c3/44/3a/c3443a3f13d7174680f1ced0642f7bce.jpg;;;IAP
Charles;Lamy-Besson;CharlesLamy-Besson@cy-tech.fr;30;16,301;"CS ";"HPDA ";"IAC ";"IAP ";"INEM ";"VISUA ";"ICC ";BI;iHtJqA;Charles.Lamy-Besson;https://media.lelombrik.net/t/0e9c5ce3b090e0ba1f925c0a8f83ec8b/p/01.jpg;;;CS
François;Herve;FrançoisHerve@cy-tech.fr;30;16,26;"INEM ";"CS ";"ICC ";"VISUA ";"IAP ";"IAC ";"HPDA ";BI;nAH19N;François.Herve;https://pm1.narvii.com/6728/7b069c5a5499d33800b3e874cfbbc8591ef3009av2_hq.jpg;;;INEM
Marine;Hamel;MarineHamel@cy-tech.fr;30;16,199;"IAC ";"CS ";"HPDA ";"BI ";"IAP ";"ICC ";"INEM ";VISUA;6ZHE2_;Marine.Hamel;https://encrypted-tbn0.gstatic.com/images?q=tbn:ANd9GcTfrlDDg5I1qbSDkYyWpOM_d3Y-cUCou0-meYGRCgncHWWVp3bp;;;IAC
Caroline;Marie;CarolineMarie@cy-tech.fr;30;16,129;"INEM ";"VISUA ";"IAC ";"CS ";"IAP ";"ICC ";"HPDA ";BI;nnx-5C;Caroline.Marie;https://fastcdn.mobalytics.gg/assets/lol/images/dd/summoner-icons/4568.png;;;INEM
Jeannine;Lemaitre;JeannineLemaitre@cy-tech.fr;30;16,114;"CS ";"IAC ";"IAP ";"BI ";"HPDA ";"INEM ";"VISUA ";ICC;3R!Ov3;Jeannine.Lemaitre;https://i.ibb.co/PTsRNJN/sabikui-bisco-img.jpg;;;CS
Joséphine;Humbert;JoséphineHumbert@cy-tech.fr;30;16,066;"ICC ";"IAP ";"HPDA ";"CS ";"INEM ";"VISUA ";"IAC ";BI;ibbrSr;Joséphine.Humbert;https://dpsmiles.net/storage/profile/VtU6lfNwd2H4pReB.jpg;;;ICC
Benoît;Lenoir;BenoîtLenoir@cy-tech.fr;30;16,06;"IAC ";"VISUA ";"CS ";"BI ";"INEM ";"IAP ";"HPDA ";ICC;ruvznp;Benoît.Lenoir;https://i.pinimg.com/originals/c3/44/3a/c3443a3f13d7174680f1ced0642f7bce.jpg;;;IAC
Pénélope;Marty;PénélopeMarty@cy-tech.fr;30;16,038;"IAC ";"VISUA ";"CS ";"ICC ";"INEM ";"BI ";"IAP ";HPDA;v_lLue;Pénélope.Marty;https://fac.img.pmdstatic.net/fit/http.3A.2F.2Fprd2-bone-image.2Es3-website-eu-west-1.2Eamazonaws.2Ecom.2FFAC.2Fvar.2Ffemmeactuelle.2Fstorage.2Fimages.2Fanimaux.2Fnews-animaux.2Fpandas-roux-nouvelles-cibles-braconniers-asie-47384.2F14864598-1-fre-FR.2Fpandas-roux-nouvelles-cibles-des-braconniers-en-asie.2Ejpg/1200x1200/quality/80/crop-from/center/pandas-roux-nouvelles-cibles-des-braconniers-en-asie.jpeg;;;IAC
Alfred;Ramos;AlfredRamos@cy-tech.fr;30;15,958;"CS ";"IAC ";"ICC ";"INEM ";"BI ";"IAP ";"HPDA ";VISUA;D1Bcs1;Alfred.Ramos;https://fac.img.pmdstatic.net/fit/http.3A.2F.2Fprd2-bone-image.2Es3-website-eu-west-1.2Eamazonaws.2Ecom.2FFAC.2Fvar.2Ffemmeactuelle.2Fstorage.2Fimages.2Fanimaux.2Fnews-animaux.2Fpandas-roux-nouvelles-cibles-braconniers-asie-47384.2F14864598-1-fre-FR.2Fpandas-roux-nouvelles-cibles-des-braconniers-en-asie.2Ejpg/1200x1200/quality/80/crop-from/center/pandas-roux-nouvelles-cibles-des-braconniers-en-asie.jpeg;;;CS
Philippine;Normand;PhilippineNormand@cy-tech.fr;30;15,873;"CS ";"IAC ";"IAP ";"VISUA ";"HPDA ";"INEM ";"BI ";ICC;6f7Gix;Philippine.Normand;https://i.pinimg.com/736x/4d/3e/d9/4d3ed9632b2134e0b60b9d30f333eee0.jpg;;;CS
Luc;Dufour-Gallet;LucDufour-Gallet@cy-tech.fr;30;15,779;"HPDA ";"IAC ";"IAP ";"ICC ";"CS ";"VISUA ";"BI ";INEM;-lbEBH;Luc.Dufour-Gallet;https://www.pngplay.com/wp-content/uploads/13/Sad-Pepe-Transparent-Free-PNG.png;;;HPDA
Corinne;Gros;CorinneGros@cy-tech.fr;30;15,758;"IAC ";"VISUA ";"BI ";"INEM ";"CS ";"IAP ";"HPDA ";ICC;ZRSzS_;Corinne.Gros;https://www.renartleveille.com/wp-content/uploads/2010/01/Regard-de-canard.jpg;;;IAC
Isabelle;Dijoux;IsabelleDijoux@cy-tech.fr;30;15,746;"CS ";"ICC ";"IAC ";"INEM ";"HPDA ";"IAP ";"VISUA ";BI;JbCb3r;Isabelle.Dijoux;https://i.pinimg.com/474x/bf/73/29/bf73292fbc9d0642f16ab20e49b7c9e2.jpg;;;CS
Dominique;Gaillard;DominiqueGaillard@cy-tech.fr;30;15,715;"IAC ";"CS ";"VISUA ";"IAP ";"INEM ";"BI ";"ICC ";HPDA;zSKJV5;Dominique.Gaillard;https://dpsmiles.net/storage/profile/VtU6lfNwd2H4pReB.jpg;;;IAC
Pénélope;Ribeiro;PénélopeRibeiro@cy-tech.fr;30;15,709;"VISUA ";"BI ";"IAC ";"CS ";"INEM ";"ICC ";"IAP ";HPDA;mXUewN;Pénélope.Ribeiro;https://encrypted-tbn0.gstatic.com/images?q=tbn:ANd9GcTfrlDDg5I1qbSDkYyWpOM_d3Y-cUCou0-meYGRCgncHWWVp3bp;;;VISUA
Zacharie;Marchal;ZacharieMarchal@cy-tech.fr;30;15,695;"CS ";"INEM ";"ICC ";"VISUA ";"IAP ";"IAC ";"HPDA ";BI;TCMDxW;Zacharie.Marchal;https://encrypted-tbn0.gstatic.com/images?q=tbn:ANd9GcTfrlDDg5I1qbSDkYyWpOM_d3Y-cUCou0-meYGRCgncHWWVp3bp;;;CS
Marc;Guillou;MarcGuillou@cy-tech.fr;30;15,646;"BI ";"IAC ";"CS ";"IAP ";"HPDA ";"ICC ";"VISUA ";INEM;2vBXBg;Marc.Guillou;https://encrypted-tbn0.gstatic.com/images?q=tbn:ANd9GcTfrlDDg5I1qbSDkYyWpOM_d3Y-cUCou0-meYGRCgncHWWVp3bp;;;BI
Benjamin;Masson;BenjaminMasson@cy-tech.fr;30;15,623;"IAC ";"IAP ";"CS ";"BI ";"INEM ";"VISUA ";"ICC ";HPDA;bpdXMM;Benjamin.Masson;https://i.pinimg.com/736x/4d/3e/d9/4d3ed9632b2134e0b60b9d30f333eee0.jpg;;;IAC
Georges;Bonnet;GeorgesBonnet@cy-tech.fr;30;15,575;"INEM ";"IAP ";"IAC ";"CS ";"HPDA ";"BI ";"ICC ";VISUA;u1l@-t;Georges.Bonnet;https://media.lelombrik.net/t/0e9c5ce3b090e0ba1f925c0a8f83ec8b/p/01.jpg;;;INEM
Jérôme;Foucher;JérômeFoucher@cy-tech.fr;30;15,568;"ICC ";"IAP ";"INEM ";"VISUA ";"IAC ";"CS ";"HPDA ";BI;tIeqv1;Jérôme.Foucher;https://www.101soundboards.com/storage/board_pictures/width/46/29138.webp?c=1643288470;;;ICC
Emmanuelle;Faure;EmmanuelleFaure@cy-tech.fr;30;15,567;"IAC ";"CS ";"VISUA ";"INEM ";"BI ";"IAP ";"ICC ";HPDA;dgLIA7;Emmanuelle.Faure;https://www.renartleveille.com/wp-content/uploads/2010/01/Regard-de-canard.jpg;;;IAC
David;Louis;DavidLouis@cy-tech.fr;30;15,55;"CS ";"IAC ";"VISUA ";"INEM ";"ICC ";"HPDA ";"BI ";IAP;1Yi2r1;David.Louis;https://pm1.narvii.com/6728/7b069c5a5499d33800b3e874cfbbc8591ef3009av2_hq.jpg;;;CS
Andrée;Rocher;AndréeRocher@cy-tech.fr;30;15,535;"IAC ";"CS ";"IAP ";"VISUA ";"INEM ";"HPDA ";"ICC ";BI;hclsX9;Andrée.Rocher;https://media.lelombrik.net/t/0e9c5ce3b090e0ba1f925c0a8f83ec8b/p/01.jpg;;;IAC
Gérard;Guerin;GérardGuerin@cy-tech.fr;30;15,527;"IAP ";"HPDA ";"IAC ";"ICC ";"INEM ";"VISUA ";"CS ";BI;sif9nk;Gérard.Guerin;https://www.101soundboards.com/storage/board_pictures/width/46/29138.webp?c=1643288470;;;IAP
Caroline;Bailly;CarolineBailly@cy-tech.fr;30;15,491;"IAC ";"BI ";"VISUA ";"INEM ";"IAP ";"HPDA ";"ICC ";CS;duasEf;Caroline.Bailly;https://media.lelombrik.net/t/0e9c5ce3b090e0ba1f925c0a8f83ec8b/p/01.jpg;;;IAC
Christelle;Lucas;ChristelleLucas@cy-tech.fr;30;15,474;"CS ";"ICC ";"BI ";"INEM ";"IAC ";"IAP ";"VISUA ";HPDA;ozpAjU;Christelle.Lucas;https://fastcdn.mobalytics.gg/assets/lol/images/dd/summoner-icons/4568.png;;;CS
Hugues;Morel;HuguesMorel@cy-tech.fr;30;15,468;"VISUA ";"ICC ";"IAP ";"CS ";"INEM ";"IAC ";"HPDA ";BI;rnBsE5;Hugues.Morel;https://i.pinimg.com/originals/c3/44/3a/c3443a3f13d7174680f1ced0642f7bce.jpg;;;VISUA
Thibault-Charles;Blanc;Thibault-CharlesBlanc@cy-tech.fr;30;15,448;"CS ";"IAC ";"BI ";"INEM ";"IAP ";"VISUA ";"ICC ";HPDA;XrvwU5;Thibault-Charles.Blanc;https://i.pinimg.com/736x/4d/3e/d9/4d3ed9632b2134e0b60b9d30f333eee0.jpg;;;CS
Étienne-Gilbert;Allard;Étienne-GilbertAllard@cy-tech.fr;30;15,348;"IAP ";"IAC ";"ICC ";"VISUA ";"INEM ";"CS ";"HPDA ";BI;fbPpW@;Étienne-Gilbert.Allard;https://fastcdn.mobalytics.gg/assets/lol/images/dd/summoner-icons/4568.png;;;IAP
Zacharie;Bernard;ZacharieBernard@cy-tech.fr;30;15,305;"INEM ";"ICC ";"CS ";"IAP ";"HPDA ";"IAC ";"BI ";VISUA;YZ4WqD;Zacharie.Bernard;https://encrypted-tbn0.gstatic.com/images?q=tbn:ANd9GcTfrlDDg5I1qbSDkYyWpOM_d3Y-cUCou0-meYGRCgncHWWVp3bp;;;INEM
daisy;Lopez;daisyLopez@cy-tech.fr;30;15,276;"ICC ";"IAP ";"HPDA ";"CS ";"IAC ";"INEM ";"VISUA ";BI;oLpeam;daisy.Lopez;https://www.101soundboards.com/storage/board_pictures/width/46/29138.webp?c=1643288470;;;ICC
Émile-Olivier;Legendre;Émile-OlivierLegendre@cy-tech.fr;30;15,221;"IAC ";"IAP ";"BI ";"INEM ";"VISUA ";"HPDA ";"CS ";ICC;4L!vZa;Émile-Olivier.Legendre;https://www.photo21.fr/wp-content/uploads/2021/07/lama-coeur.jpg;;;IAC
Claire;Leclerc;ClaireLeclerc@cy-tech.fr;30;15,212;"IAP ";"ICC ";"IAC ";"CS ";"INEM ";"VISUA ";"BI ";HPDA;NFgfTJ;Claire.Leclerc;https://i.pinimg.com/474x/bf/73/29/bf73292fbc9d0642f16ab20e49b7c9e2.jpg;;;IAP
Raymond;Bonnet;RaymondBonnet@cy-tech.fr;30;15,208;"CS ";"ICC ";"IAP ";"INEM ";"IAC ";"VISUA ";"BI ";HPDA;fIgM1I;Raymond.Bonnet;https://www.renartleveille.com/wp-content/uploads/2010/01/Regard-de-canard.jpg;;;CS
Clémence;Leblanc;ClémenceLeblanc@cy-tech.fr;30;15,206;"CS ";"BI ";"IAC ";"ICC ";"INEM ";"VISUA ";"IAP ";HPDA;78VINh;Clémence.Leblanc;https://fastcdn.mobalytics.gg/assets/lol/images/dd/summoner-icons/4568.png;;;CS
Gilbert;Marin;GilbertMarin@cy-tech.fr;30;15,169;"IAC ";"CS ";"VISUA ";"BI ";"INEM ";"IAP ";"ICC ";HPDA;8tUSO9;Gilbert.Marin;https://pyxis.nymag.com/v1/imgs/d6a/dc7/4a5001b7beea096457f480c8808572428b-09-roll-safe.rsquare.w700.jpg;;;IAC
Noémi;Humbert-Barbe;NoémiHumbert-Barbe@cy-tech.fr;30;15,128;"CS ";"BI ";"IAC ";"HPDA ";"VISUA ";"INEM ";"IAP ";ICC;SwRatN;Noémi.Humbert-Barbe;https://encrypted-tbn0.gstatic.com/images?q=tbn:ANd9GcTfrlDDg5I1qbSDkYyWpOM_d3Y-cUCou0-meYGRCgncHWWVp3bp;;;CS
Étienne;de;Étiennede@cy-tech.fr;30;15,089;"CS ";"INEM ";"HPDA ";"VISUA ";"IAC ";"ICC ";"BI ";IAP;NqNlhH;Étienne.de;https://fac.img.pmdstatic.net/fit/http.3A.2F.2Fprd2-bone-image.2Es3-website-eu-west-1.2Eamazonaws.2Ecom.2FFAC.2Fvar.2Ffemmeactuelle.2Fstorage.2Fimages.2Fanimaux.2Fnews-animaux.2Fpandas-roux-nouvelles-cibles-braconniers-asie-47384.2F14864598-1-fre-FR.2Fpandas-roux-nouvelles-cibles-des-braconniers-en-asie.2Ejpg/1200x1200/quality/80/crop-from/center/pandas-roux-nouvelles-cibles-des-braconniers-en-asie.jpeg;;;CS
Philippine;de;Philippinede@cy-tech.fr;30;15,056;"INEM ";"VISUA ";"CS ";"ICC ";"IAP ";"IAC ";"BI ";HPDA;IxibkD;Philippine.de;https://fac.img.pmdstatic.net/fit/http.3A.2F.2Fprd2-bone-image.2Es3-website-eu-west-1.2Eamazonaws.2Ecom.2FFAC.2Fvar.2Ffemmeactuelle.2Fstorage.2Fimages.2Fanimaux.2Fnews-animaux.2Fpandas-roux-nouvelles-cibles-braconniers-asie-47384.2F14864598-1-fre-FR.2Fpandas-roux-nouvelles-cibles-des-braconniers-en-asie.2Ejpg/1200x1200/quality/80/crop-from/center/pandas-roux-nouvelles-cibles-des-braconniers-en-asie.jpeg;;;INEM
Juliette;Thibault;JulietteThibault@cy-tech.fr;30;15,004;"IAC ";"IAP ";"VISUA ";"CS ";"INEM ";"HPDA ";"ICC ";BI;WebKI-;Juliette.Thibault;https://www.renartleveille.com/wp-content/uploads/2010/01/Regard-de-canard.jpg;;;IAC
François;de;Françoisde@cy-tech.fr;30;14,982;"VISUA ";"ICC ";"IAP ";"INEM ";"IAC ";"CS ";"BI ";HPDA;KUh4ww;François.de;https://www.pngplay.com/wp-content/uploads/13/Sad-Pepe-Transparent-Free-PNG.png;;;VISUA
Léon;du;Léondu@cy-tech.fr;30;14,927;"IAP ";"IAC ";"ICC ";"HPDA ";"INEM ";"VISUA ";"BI ";CS;M@e7EZ;Léon.du;https://fac.img.pmdstatic.net/fit/http.3A.2F.2Fprd2-bone-image.2Es3-website-eu-west-1.2Eamazonaws.2Ecom.2FFAC.2Fvar.2Ffemmeactuelle.2Fstorage.2Fimages.2Fanimaux.2Fnews-animaux.2Fpandas-roux-nouvelles-cibles-braconniers-asie-47384.2F14864598-1-fre-FR.2Fpandas-roux-nouvelles-cibles-des-braconniers-en-asie.2Ejpg/1200x1200/quality/80/crop-from/center/pandas-roux-nouvelles-cibles-des-braconniers-en-asie.jpeg;;;IAP
Maurice;Alves;MauriceAlves@cy-tech.fr;30;14,918;"INEM ";"VISUA ";"IAC ";"CS ";"HPDA ";"BI ";"IAP ";ICC;ztRhw!;Maurice.Alves;https://i.ibb.co/PTsRNJN/sabikui-bisco-img.jpg;;;INEM
Marie;Blanc;MarieBlanc@cy-tech.fr;30;14,894;"CS ";"IAC ";"INEM ";"BI ";"ICC ";"IAP ";"HPDA ";VISUA;Fz0sjp;Marie.Blanc;https://i.pinimg.com/736x/4d/3e/d9/4d3ed9632b2134e0b60b9d30f333eee0.jpg;;;CS
Denise-Alexandrie;Clement;Denise-AlexandrieClement@cy-tech.fr;30;14,88;"IAC ";"IAP ";"CS ";"BI ";"HPDA ";"INEM ";"ICC ";VISUA;u0kpKO;Denise-Alexandrie.Clement;https://www.renartleveille.com/wp-content/uploads/2010/01/Regard-de-canard.jpg;;;IAC
Luc;Ribeiro;LucRibeiro@cy-tech.fr;30;14,854;"CS ";"INEM ";"VISUA ";"IAC ";"ICC ";"IAP ";"HPDA ";BI;yCUl6Q;Luc.Ribeiro;https://fac.img.pmdstatic.net/fit/http.3A.2F.2Fprd2-bone-image.2Es3-website-eu-west-1.2Eamazonaws.2Ecom.2FFAC.2Fvar.2Ffemmeactuelle.2Fstorage.2Fimages.2Fanimaux.2Fnews-animaux.2Fpandas-roux-nouvelles-cibles-braconniers-asie-47384.2F14864598-1-fre-FR.2Fpandas-roux-nouvelles-cibles-des-braconniers-en-asie.2Ejpg/1200x1200/quality/80/crop-from/center/pandas-roux-nouvelles-cibles-des-braconniers-en-asie.jpeg;;;CS
Charlotte;du;Charlottedu@cy-tech.fr;30;14,849;"CS ";"IAC ";"VISUA ";"INEM ";"BI ";"ICC ";"IAP ";HPDA;hK_W4x;Charlotte.du;https://pyxis.nymag.com/v1/imgs/d6a/dc7/4a5001b7beea096457f480c8808572428b-09-roll-safe.rsquare.w700.jpg;;;CS
Michèle;du;Michèledu@cy-tech.fr;30;14,835;"IAP ";"HPDA ";"ICC ";"IAC ";"INEM ";"CS ";"VISUA ";BI;4ocYSM;Michèle.du;https://pm1.narvii.com/6728/7b069c5a5499d33800b3e874cfbbc8591ef3009av2_hq.jpg;;;IAP
Hortense;Maillet;HortenseMaillet@cy-tech.fr;30;14,732;"IAC ";"CS ";"VISUA ";"BI ";"IAP ";"ICC ";"HPDA ";INEM;voXDZm;Hortense.Maillet;https://dpsmiles.net/storage/profile/VtU6lfNwd2H4pReB.jpg;;;IAC
Françoise;Chauveau;FrançoiseChauveau@cy-tech.fr;30;14,724;"VISUA ";"INEM ";"IAP ";"IAC ";"CS ";"HPDA ";"ICC ";BI;n2GN1e;Françoise.Chauveau;https://i.ibb.co/PTsRNJN/sabikui-bisco-img.jpg;;;VISUA
Jeanne;Le;JeanneLe@cy-tech.fr;30;14,689;"IAC ";"CS ";"INEM ";"IAP ";"BI ";"HPDA ";"ICC ";VISUA;dAfD2T;Jeanne.Le;https://www.photo21.fr/wp-content/uploads/2021/07/lama-coeur.jpg;;;IAC
Louis;Giraud;LouisGiraud@cy-tech.fr;30;14,683;"BI ";"INEM ";"IAC ";"CS ";"VISUA ";"HPDA ";"IAP ";ICC;rtNtUU;Louis.Giraud;https://www.101soundboards.com/storage/board_pictures/width/46/29138.webp?c=1643288470;;;BI
Hugues;Lemaire;HuguesLemaire@cy-tech.fr;30;14,65;"CS ";"ICC ";"INEM ";"IAC ";"VISUA ";"BI ";"IAP ";HPDA;9In5!F;Hugues.Lemaire;https://encrypted-tbn0.gstatic.com/images?q=tbn:ANd9GcTfrlDDg5I1qbSDkYyWpOM_d3Y-cUCou0-meYGRCgncHWWVp3bp;;;CS
Yves;Roy-Perret;YvesRoy-Perret@cy-tech.fr;30;14,635;"INEM ";"CS ";"IAC ";"BI ";"VISUA ";"IAP ";"ICC ";HPDA;-k1uFe;Yves.Roy-Perret;https://i.pinimg.com/736x/4d/3e/d9/4d3ed9632b2134e0b60b9d30f333eee0.jpg;;;INEM
Isaac;Riou;IsaacRiou@cy-tech.fr;30;14,633;"CS ";"IAC ";"INEM ";"BI ";"VISUA ";"ICC ";"IAP ";HPDA;ZdKJy3;Isaac.Riou;https://www.101soundboards.com/storage/board_pictures/width/46/29138.webp?c=1643288470;;;CS
Daniel;Mace-Carre;DanielMace-Carre@cy-tech.fr;30;14,632;"HPDA ";"IAC ";"VISUA ";"IAP ";"CS ";"INEM ";"ICC ";BI;e3-4Ky;Daniel.Mace-Carre;https://media.lelombrik.net/t/0e9c5ce3b090e0ba1f925c0a8f83ec8b/p/01.jpg;;;HPDA
Laurence;Normand;LaurenceNormand@cy-tech.fr;30;14,573;"IAP ";"HPDA ";"ICC ";"IAC ";"BI ";"VISUA ";"CS ";INEM;jk7X8D;Laurence.Normand;https://fastcdn.mobalytics.gg/assets/lol/images/dd/summoner-icons/4568.png;;;IAP
Antoine;Etienne;AntoineEtienne@cy-tech.fr;30;14,559;"CS ";"INEM ";"VISUA ";"BI ";"IAC ";"HPDA ";"ICC ";IAP;pwWKO0;Antoine.Etienne;https://i.ibb.co/PTsRNJN/sabikui-bisco-img.jpg;;;CS
Éric;Le;ÉricLe@cy-tech.fr;30;14,557;"VISUA ";"INEM ";"IAP ";"CS ";"IAC ";"ICC ";"HPDA ";BI;L7dXP7;Éric.Le;https://media.lelombrik.net/t/0e9c5ce3b090e0ba1f925c0a8f83ec8b/p/01.jpg;;;VISUA
Lucas;Rolland;LucasRolland@cy-tech.fr;30;14,549;"HPDA ";"IAP ";"IAC ";"BI ";"VISUA ";"CS ";"ICC ";INEM;_dO@29;Lucas.Rolland;https://www.pngplay.com/wp-content/uploads/13/Sad-Pepe-Transparent-Free-PNG.png;;;HPDA
Frédérique;Barre-Vallee;FrédériqueBarre-Vallee@cy-tech.fr;30;14,522;"CS ";"IAC ";"BI ";"VISUA ";"INEM ";"IAP ";"HPDA ";ICC;OJ!bIh;Frédérique.Barre-Vallee;https://www.photo21.fr/wp-content/uploads/2021/07/lama-coeur.jpg;;;CS
Laurence;Bailly;LaurenceBailly@cy-tech.fr;30;14,516;"INEM ";"IAP ";"IAC ";"ICC ";"CS ";"VISUA ";"BI ";HPDA;TzXJKE;Laurence.Bailly;https://pyxis.nymag.com/v1/imgs/d6a/dc7/4a5001b7beea096457f480c8808572428b-09-roll-safe.rsquare.w700.jpg;;;INEM
Noémi;Evrard;NoémiEvrard@cy-tech.fr;30;14,495;"IAP ";"ICC ";"HPDA ";"IAC ";"BI ";"CS ";"INEM ";VISUA;YKpMtr;Noémi.Evrard;https://www.photo21.fr/wp-content/uploads/2021/07/lama-coeur.jpg;;;IAP
Thibault;Faivre;ThibaultFaivre@cy-tech.fr;30;14,348;"ICC ";"IAP ";"HPDA ";"IAC ";"CS ";"BI ";"VISUA ";INEM;cN-6m@;Thibault.Faivre;https://fastcdn.mobalytics.gg/assets/lol/images/dd/summoner-icons/4568.png;;;ICC
Suzanne;de;Suzannede@cy-tech.fr;30;14,33;"IAC ";"IAP ";"VISUA ";"CS ";"HPDA ";"INEM ";"ICC ";BI;ZCAlwc;Suzanne.de;https://www.photo21.fr/wp-content/uploads/2021/07/lama-coeur.jpg;;;IAC
Eugène;Dumas;EugèneDumas@cy-tech.fr;30;14,321;"IAC ";"BI ";"CS ";"VISUA ";"INEM ";"IAP ";"ICC ";HPDA;fSOcdM;Eugène.Dumas;https://www.photo21.fr/wp-content/uploads/2021/07/lama-coeur.jpg;;;IAC
Michelle;Vidal;MichelleVidal@cy-tech.fr;30;14,318;"CS ";"ICC ";"VISUA ";"INEM ";"BI ";"IAC ";"IAP ";HPDA;Hzu8BK;Michelle.Vidal;https://www.101soundboards.com/storage/board_pictures/width/46/29138.webp?c=1643288470;;;CS
René;Gomez;RenéGomez@cy-tech.fr;30;14,276;"CS ";"IAC ";"BI ";"INEM ";"IAP ";"ICC ";"HPDA ";VISUA;!!xe0Q;René.Gomez;https://pyxis.nymag.com/v1/imgs/d6a/dc7/4a5001b7beea096457f480c8808572428b-09-roll-safe.rsquare.w700.jpg;;;CS
Denise;Lebreton;DeniseLebreton@cy-tech.fr;30;14,272;"IAC ";"VISUA ";"CS ";"INEM ";"BI ";"IAP ";"HPDA ";ICC;Jd6hBM;Denise.Lebreton;https://www.renartleveille.com/wp-content/uploads/2010/01/Regard-de-canard.jpg;;;IAC
David;Godard-Clerc;DavidGodard-Clerc@cy-tech.fr;30;14,256;"IAP ";"ICC ";"IAC ";"INEM ";"VISUA ";"CS ";"BI ";HPDA;nF_och;David.Godard-Clerc;https://dpsmiles.net/storage/profile/VtU6lfNwd2H4pReB.jpg;;;IAP
François;Leroux;FrançoisLeroux@cy-tech.fr;30;14,251;"IAC ";"IAP ";"CS ";"BI ";"ICC ";"HPDA ";"INEM ";VISUA;i1kZof;François.Leroux;https://www.101soundboards.com/storage/board_pictures/width/46/29138.webp?c=1643288470;;;IAC
Célina;Cordier;CélinaCordier@cy-tech.fr;30;14,246;"ICC ";"CS ";"IAP ";"IAC ";"BI ";"VISUA ";"INEM ";HPDA;bPvr7-;Célina.Cordier;https://i.pinimg.com/736x/4d/3e/d9/4d3ed9632b2134e0b60b9d30f333eee0.jpg;;;ICC
Marcelle;Turpin;MarcelleTurpin@cy-tech.fr;30;14,244;"CS ";"IAC ";"INEM ";"ICC ";"IAP ";"BI ";"HPDA ";VISUA;28xR0f;Marcelle.Turpin;https://i.pinimg.com/736x/4d/3e/d9/4d3ed9632b2134e0b60b9d30f333eee0.jpg;;;CS
Benjamin;Guillou;BenjaminGuillou@cy-tech.fr;30;14,225;"ICC ";"INEM ";"CS ";"IAP ";"IAC ";"VISUA ";"BI ";HPDA;AssLv1;Benjamin.Guillou;https://www.pngplay.com/wp-content/uploads/13/Sad-Pepe-Transparent-Free-PNG.png;;;ICC
Lucas;Renault-Jean;LucasRenault-Jean@cy-tech.fr;30;14,207;"IAC ";"BI ";"ICC ";"CS ";"VISUA ";"IAP ";"INEM ";HPDA;s2GmdM;Lucas.Renault-Jean;https://fastcdn.mobalytics.gg/assets/lol/images/dd/summoner-icons/4568.png;;;IAC
Gabriel;du;Gabrieldu@cy-tech.fr;30;14,198;"ICC ";"IAP ";"HPDA ";"CS ";"IAC ";"VISUA ";"INEM ";BI;RfeP6_;Gabriel.du;https://i.pinimg.com/474x/bf/73/29/bf73292fbc9d0642f16ab20e49b7c9e2.jpg;;;ICC
Anaïs;de;Anaïsde@cy-tech.fr;30;14,185;"VISUA ";"CS ";"INEM ";"IAC ";"BI ";"ICC ";"HPDA ";IAP;aAv@6B;Anaïs.de;https://fac.img.pmdstatic.net/fit/http.3A.2F.2Fprd2-bone-image.2Es3-website-eu-west-1.2Eamazonaws.2Ecom.2FFAC.2Fvar.2Ffemmeactuelle.2Fstorage.2Fimages.2Fanimaux.2Fnews-animaux.2Fpandas-roux-nouvelles-cibles-braconniers-asie-47384.2F14864598-1-fre-FR.2Fpandas-roux-nouvelles-cibles-des-braconniers-en-asie.2Ejpg/1200x1200/quality/80/crop-from/center/pandas-roux-nouvelles-cibles-des-braconniers-en-asie.jpeg;;;VISUA
Agathe;Techer;AgatheTecher@cy-tech.fr;30;14,182;"CS ";"IAC ";"BI ";"ICC ";"INEM ";"VISUA ";"IAP ";HPDA;TYAHBd;Agathe.Techer;https://fac.img.pmdstatic.net/fit/http.3A.2F.2Fprd2-bone-image.2Es3-website-eu-west-1.2Eamazonaws.2Ecom.2FFAC.2Fvar.2Ffemmeactuelle.2Fstorage.2Fimages.2Fanimaux.2Fnews-animaux.2Fpandas-roux-nouvelles-cibles-braconniers-asie-47384.2F14864598-1-fre-FR.2Fpandas-roux-nouvelles-cibles-des-braconniers-en-asie.2Ejpg/1200x1200/quality/80/crop-from/center/pandas-roux-nouvelles-cibles-des-braconniers-en-asie.jpeg;;;CS
Étienne;du;Étiennedu@cy-tech.fr;30;14,17;"CS ";"IAC ";"INEM ";"VISUA ";"BI ";"ICC ";"IAP ";HPDA;xo0M_z;Étienne.du;https://pyxis.nymag.com/v1/imgs/d6a/dc7/4a5001b7beea096457f480c8808572428b-09-roll-safe.rsquare.w700.jpg;;;CS
Andrée;Richard;AndréeRichard@cy-tech.fr;30;14,137;"IAP ";"CS ";"IAC ";"HPDA ";"INEM ";"ICC ";"BI ";VISUA;uQS8Y-;Andrée.Richard;https://i.pinimg.com/originals/c3/44/3a/c3443a3f13d7174680f1ced0642f7bce.jpg;;;IAP
Antoinette;Chevallier;AntoinetteChevallier@cy-tech.fr;30;14,125;"CS ";"INEM ";"BI ";"IAC ";"VISUA ";"IAP ";"HPDA ";ICC;__llO4;Antoinette.Chevallier;https://i.pinimg.com/474x/bf/73/29/bf73292fbc9d0642f16ab20e49b7c9e2.jpg;;;CS
Alphonse;Le;AlphonseLe@cy-tech.fr;30;14,121;"BI ";"IAC ";"CS ";"VISUA ";"HPDA ";"IAP ";"ICC ";INEM;ixVVAq;Alphonse.Le;https://encrypted-tbn0.gstatic.com/images?q=tbn:ANd9GcTfrlDDg5I1qbSDkYyWpOM_d3Y-cUCou0-meYGRCgncHWWVp3bp;;;BI
Lucas;Maillard;LucasMaillard@cy-tech.fr;30;13,923;"BI ";"INEM ";"CS ";"IAC ";"VISUA ";"IAP ";"ICC ";HPDA;vsYEw!;Lucas.Maillard;https://www.photo21.fr/wp-content/uploads/2021/07/lama-coeur.jpg;;;BI
André;Leleu;AndréLeleu@cy-tech.fr;30;13,798;"CS ";"INEM ";"IAC ";"ICC ";"BI ";"VISUA ";"IAP ";HPDA;VQ7e3a;André.Leleu;https://i.pinimg.com/736x/4d/3e/d9/4d3ed9632b2134e0b60b9d30f333eee0.jpg;;;CS
Emmanuel;Riou;EmmanuelRiou@cy-tech.fr;30;13,785;"CS ";"IAC ";"VISUA ";"INEM ";"BI ";"IAP ";"ICC ";HPDA;i0Ma@@;Emmanuel.Riou;https://i.pinimg.com/originals/c3/44/3a/c3443a3f13d7174680f1ced0642f7bce.jpg;;;CS
David;Lesage;DavidLesage@cy-tech.fr;30;13,775;"VISUA ";"CS ";"IAC ";"ICC ";"INEM ";"IAP ";"BI ";HPDA;q55FKO;David.Lesage;https://pyxis.nymag.com/v1/imgs/d6a/dc7/4a5001b7beea096457f480c8808572428b-09-roll-safe.rsquare.w700.jpg;;;VISUA
Grégoire;Dubois;GrégoireDubois@cy-tech.fr;30;13,753;"CS ";"VISUA ";"INEM ";"IAC ";"ICC ";"BI ";"IAP ";HPDA;X1I3gD;Grégoire.Dubois;https://pm1.narvii.com/6728/7b069c5a5499d33800b3e874cfbbc8591ef3009av2_hq.jpg;;;CS
Paulette;Leclercq;PauletteLeclercq@cy-tech.fr;30;13,729;"ICC ";"IAP ";"IAC ";"VISUA ";"INEM ";"CS ";"BI ";HPDA;DqJofy;Paulette.Leclercq;https://i.pinimg.com/474x/bf/73/29/bf73292fbc9d0642f16ab20e49b7c9e2.jpg;;;ICC
Thierry;Faure;ThierryFaure@cy-tech.fr;30;13,724;"IAP ";"HPDA ";"BI ";"ICC ";"IAC ";"VISUA ";"INEM ";CS;liK3zx;Thierry.Faure;https://www.101soundboards.com/storage/board_pictures/width/46/29138.webp?c=1643288470;;;IAP
Pierre;Boyer;PierreBoyer@cy-tech.fr;30;13,718;"INEM ";"CS ";"IAC ";"VISUA ";"IAP ";"BI ";"ICC ";HPDA;i_a@uX;Pierre.Boyer;https://i.pinimg.com/originals/c3/44/3a/c3443a3f13d7174680f1ced0642f7bce.jpg;;;INEM
Éric;Benard-Charpentier;ÉricBenard-Charpentier@cy-tech.fr;30;13,689;"IAC ";"CS ";"ICC ";"IAP ";"VISUA ";"INEM ";"BI ";HPDA;VhdfsG;Éric.Benard-Charpentier;https://www.pngplay.com/wp-content/uploads/13/Sad-Pepe-Transparent-Free-PNG.png;;;IAC
Marcelle;Gauthier-Martineau;MarcelleGauthier-Martineau@cy-tech.fr;30;13,572;"ICC ";"INEM ";"IAP ";"CS ";"IAC ";"VISUA ";"BI ";HPDA;fFLq-O;Marcelle.Gauthier-Martineau;https://www.renartleveille.com/wp-content/uploads/2010/01/Regard-de-canard.jpg;;;ICC
Christiane;Delmas;ChristianeDelmas@cy-tech.fr;30;13,454;"CS ";"IAC ";"INEM ";"VISUA ";"ICC ";"BI ";"IAP ";HPDA;iCs69F;Christiane.Delmas;https://fac.img.pmdstatic.net/fit/http.3A.2F.2Fprd2-bone-image.2Es3-website-eu-west-1.2Eamazonaws.2Ecom.2FFAC.2Fvar.2Ffemmeactuelle.2Fstorage.2Fimages.2Fanimaux.2Fnews-animaux.2Fpandas-roux-nouvelles-cibles-braconniers-asie-47384.2F14864598-1-fre-FR.2Fpandas-roux-nouvelles-cibles-des-braconniers-en-asie.2Ejpg/1200x1200/quality/80/crop-from/center/pandas-roux-nouvelles-cibles-des-braconniers-en-asie.jpeg;;;CS
Corinne;Cousin;CorinneCousin@cy-tech.fr;30;13,436;"CS ";"ICC ";"IAP ";"IAC ";"INEM ";"HPDA ";"BI ";VISUA;folM4@;Corinne.Cousin;https://www.renartleveille.com/wp-content/uploads/2010/01/Regard-de-canard.jpg;;;CS
William;du;Williamdu@cy-tech.fr;30;13,426;"BI ";"INEM ";"CS ";"VISUA ";"IAC ";"IAP ";"HPDA ";ICC;_OFPeI;William.du;https://www.pngplay.com/wp-content/uploads/13/Sad-Pepe-Transparent-Free-PNG.png;;;BI
Renée;Maurice;RenéeMaurice@cy-tech.fr;30;13,418;"INEM ";"IAP ";"IAC ";"VISUA ";"CS ";"HPDA ";"ICC ";BI;Ad7NWx;Renée.Maurice;https://www.101soundboards.com/storage/board_pictures/width/46/29138.webp?c=1643288470;;;INEM
Zacharie;Weber;ZacharieWeber@cy-tech.fr;30;13,371;"ICC ";"CS ";"IAP ";"HPDA ";"INEM ";"BI ";"IAC ";VISUA;NehBY6;Zacharie.Weber;https://media.lelombrik.net/t/0e9c5ce3b090e0ba1f925c0a8f83ec8b/p/01.jpg;;;ICC
Louis;Rousseau;LouisRousseau@cy-tech.fr;30;13,354;"VISUA ";"INEM ";"IAC ";"BI ";"CS ";"IAP ";"ICC ";HPDA;gGyUV5;Louis.Rousseau;https://fastcdn.mobalytics.gg/assets/lol/images/dd/summoner-icons/4568.png;;;VISUA
Philippe;Hamel;PhilippeHamel@cy-tech.fr;30;13,291;"ICC ";"IAP ";"CS ";"IAC ";"VISUA ";"HPDA ";"INEM ";BI;PUe3Iw;Philippe.Hamel;https://www.101soundboards.com/storage/board_pictures/width/46/29138.webp?c=1643288470;;;ICC
Élise;Mercier;ÉliseMercier@cy-tech.fr;30;13,287;"HPDA ";"IAC ";"IAP ";"CS ";"VISUA ";"INEM ";"ICC ";BI;V7QQ2@;Élise.Mercier;https://i.pinimg.com/736x/4d/3e/d9/4d3ed9632b2134e0b60b9d30f333eee0.jpg;;;HPDA
Bernard;Chauvet;BernardChauvet@cy-tech.fr;30;13,278;"IAP ";"IAC ";"ICC ";"INEM ";"CS ";"VISUA ";"HPDA ";BI;tGtQa2;Bernard.Chauvet;https://media.lelombrik.net/t/0e9c5ce3b090e0ba1f925c0a8f83ec8b/p/01.jpg;;;IAP
Théodore;Pasquier;ThéodorePasquier@cy-tech.fr;30;13,274;"CS ";"IAC ";"VISUA ";"IAP ";"ICC ";"HPDA ";"BI ";INEM;QNTGTT;Théodore.Pasquier;https://i.ibb.co/PTsRNJN/sabikui-bisco-img.jpg;;;CS
Adèle;Begue;AdèleBegue@cy-tech.fr;30;13,236;"IAC ";"BI ";"INEM ";"IAP ";"HPDA ";"CS ";"VISUA ";ICC;G_d6xw;Adèle.Begue;https://media.lelombrik.net/t/0e9c5ce3b090e0ba1f925c0a8f83ec8b/p/01.jpg;;;IAC
Adrien;Dumont;AdrienDumont@cy-tech.fr;30;13,209;"INEM ";"CS ";"VISUA ";"ICC ";"IAP ";"IAC ";"HPDA ";BI;E8eOXE;Adrien.Dumont;https://i.pinimg.com/474x/bf/73/29/bf73292fbc9d0642f16ab20e49b7c9e2.jpg;;;INEM
Gilbert;Ferrand-Texier;GilbertFerrand-Texier@cy-tech.fr;30;13,16;"CS ";"ICC ";"IAP ";"IAC ";"INEM ";"VISUA ";"BI ";HPDA;yksQQp;Gilbert.Ferrand-Texier;https://fastcdn.mobalytics.gg/assets/lol/images/dd/summoner-icons/4568.png;;;CS
Anastasie;Rocher;AnastasieRocher@cy-tech.fr;30;13,151;"IAP ";"ICC ";"HPDA ";"IAC ";"BI ";"CS ";"INEM ";VISUA;N0md!L;Anastasie.Rocher;https://i.pinimg.com/474x/bf/73/29/bf73292fbc9d0642f16ab20e49b7c9e2.jpg;;;IAP
Franck;Le;FranckLe@cy-tech.fr;30;13,115;"ICC ";"IAP ";"CS ";"IAC ";"INEM ";"HPDA ";"BI ";VISUA;zrcSf9;Franck.Le;https://dpsmiles.net/storage/profile/VtU6lfNwd2H4pReB.jpg;;;ICC
Michel;Renault;MichelRenault@cy-tech.fr;30;13,111;"HPDA ";"IAP ";"IAC ";"CS ";"ICC ";"BI ";"INEM ";VISUA;x-wxA-;Michel.Renault;https://www.101soundboards.com/storage/board_pictures/width/46/29138.webp?c=1643288470;;;HPDA
Margaud-Laure;Wagner;Margaud-LaureWagner@cy-tech.fr;30;13,095;"ICC ";"INEM ";"IAP ";"HPDA ";"IAC ";"VISUA ";"CS ";BI;GxY@Kv;Margaud-Laure.Wagner;https://pyxis.nymag.com/v1/imgs/d6a/dc7/4a5001b7beea096457f480c8808572428b-09-roll-safe.rsquare.w700.jpg;;;ICC
Suzanne;de;Suzannede@cy-tech.fr;30;13,063;"CS ";"IAC ";"INEM ";"BI ";"VISUA ";"IAP ";"ICC ";HPDA;q4olwG;Suzanne.de0;https://i.pinimg.com/474x/bf/73/29/bf73292fbc9d0642f16ab20e49b7c9e2.jpg;;;CS
David;Ferrand;DavidFerrand@cy-tech.fr;30;13,017;"CS ";"INEM ";"BI ";"ICC ";"IAC ";"IAP ";"HPDA ";VISUA;XsyVtj;David.Ferrand;https://pyxis.nymag.com/v1/imgs/d6a/dc7/4a5001b7beea096457f480c8808572428b-09-roll-safe.rsquare.w700.jpg;;;CS
François;Duhamel;FrançoisDuhamel@cy-tech.fr;30;13,014;"CS ";"ICC ";"IAP ";"VISUA ";"INEM ";"IAC ";"BI ";HPDA;o8GRxd;François.Duhamel;https://i.pinimg.com/474x/bf/73/29/bf73292fbc9d0642f16ab20e49b7c9e2.jpg;;;CS
Franck;Blot-Barbier;FranckBlot-Barbier@cy-tech.fr;30;12,99;"CS ";"IAC ";"VISUA ";"IAP ";"ICC ";"HPDA ";"INEM ";BI;ymw7i0;Franck.Blot-Barbier;https://media.lelombrik.net/t/0e9c5ce3b090e0ba1f925c0a8f83ec8b/p/01.jpg;;;CS
Benjamin;Martins;BenjaminMartins@cy-tech.fr;30;12,989;"IAC ";"IAP ";"VISUA ";"CS ";"INEM ";"HPDA ";"ICC ";BI;zWZpoG;Benjamin.Martins;https://www.photo21.fr/wp-content/uploads/2021/07/lama-coeur.jpg;;;IAC
Hugues;du;Huguesdu@cy-tech.fr;30;12,979;"IAP ";"HPDA ";"IAC ";"ICC ";"CS ";"INEM ";"VISUA ";BI;RSIIqZ;Hugues.du;https://i.pinimg.com/474x/bf/73/29/bf73292fbc9d0642f16ab20e49b7c9e2.jpg;;;IAP
Joséphine;Pons-Alves;JoséphinePons-Alves@cy-tech.fr;30;12,961;"IAC ";"VISUA ";"CS ";"ICC ";"BI ";"INEM ";"IAP ";HPDA;Sfz0BD;Joséphine.Pons-Alves;https://www.pngplay.com/wp-content/uploads/13/Sad-Pepe-Transparent-Free-PNG.png;;;IAC
Diane;Martin;DianeMartin@cy-tech.fr;30;12,893;"ICC ";"CS ";"INEM ";"VISUA ";"HPDA ";"BI ";"IAP ";IAC;Qxa5DN;Diane.Martin;https://media.lelombrik.net/t/0e9c5ce3b090e0ba1f925c0a8f83ec8b/p/01.jpg;;;ICC
Auguste;Fournier;AugusteFournier@cy-tech.fr;30;12,886;"IAC ";"VISUA ";"BI ";"HPDA ";"ICC ";"IAP ";"INEM ";CS;4GZoz_;Auguste.Fournier;https://i.pinimg.com/736x/4d/3e/d9/4d3ed9632b2134e0b60b9d30f333eee0.jpg;;;IAC
Théodore;Louis;ThéodoreLouis@cy-tech.fr;30;12,877;"IAC ";"IAP ";"CS ";"VISUA ";"HPDA ";"ICC ";"BI ";INEM;PceZT1;Théodore.Louis;https://dpsmiles.net/storage/profile/VtU6lfNwd2H4pReB.jpg;;;IAC
Chantal;Joubert;ChantalJoubert@cy-tech.fr;30;12,875;"INEM ";"IAC ";"VISUA ";"CS ";"IAP ";"ICC ";"BI ";HPDA;7B4SBw;Chantal.Joubert;https://pyxis.nymag.com/v1/imgs/d6a/dc7/4a5001b7beea096457f480c8808572428b-09-roll-safe.rsquare.w700.jpg;;;INEM
Inès;Bouvet;InèsBouvet@cy-tech.fr;30;12,822;"IAC ";"INEM ";"VISUA ";"CS ";"IAP ";"HPDA ";"BI ";ICC;IqDO!@;Inès.Bouvet;https://fac.img.pmdstatic.net/fit/http.3A.2F.2Fprd2-bone-image.2Es3-website-eu-west-1.2Eamazonaws.2Ecom.2FFAC.2Fvar.2Ffemmeactuelle.2Fstorage.2Fimages.2Fanimaux.2Fnews-animaux.2Fpandas-roux-nouvelles-cibles-braconniers-asie-47384.2F14864598-1-fre-FR.2Fpandas-roux-nouvelles-cibles-des-braconniers-en-asie.2Ejpg/1200x1200/quality/80/crop-from/center/pandas-roux-nouvelles-cibles-des-braconniers-en-asie.jpeg;;;IAC
Sylvie;Le;SylvieLe@cy-tech.fr;30;12,802;"CS ";"IAC ";"INEM ";"VISUA ";"BI ";"IAP ";"HPDA ";ICC;S4swZS;Sylvie.Le;https://encrypted-tbn0.gstatic.com/images?q=tbn:ANd9GcTfrlDDg5I1qbSDkYyWpOM_d3Y-cUCou0-meYGRCgncHWWVp3bp;;;CS
Anouk-Pénélope;Ollivier;Anouk-PénélopeOllivier@cy-tech.fr;30;12,756;"INEM ";"CS ";"IAC ";"VISUA ";"BI ";"IAP ";"ICC ";HPDA;O!!Q!p;Anouk-Pénélope.Ollivier;https://www.101soundboards.com/storage/board_pictures/width/46/29138.webp?c=1643288470;;;INEM
Olivie;Evrard;OlivieEvrard@cy-tech.fr;30;12,689;"INEM ";"CS ";"IAC ";"VISUA ";"BI ";"IAP ";"ICC ";HPDA;aO3HhP;Olivie.Evrard;https://i.ibb.co/PTsRNJN/sabikui-bisco-img.jpg;;;INEM
Augustin;Roche;AugustinRoche@cy-tech.fr;30;12,601;"VISUA ";"CS ";"IAC ";"INEM ";"HPDA ";"IAP ";"ICC ";BI;Qf-gbO;Augustin.Roche;https://fac.img.pmdstatic.net/fit/http.3A.2F.2Fprd2-bone-image.2Es3-website-eu-west-1.2Eamazonaws.2Ecom.2FFAC.2Fvar.2Ffemmeactuelle.2Fstorage.2Fimages.2Fanimaux.2Fnews-animaux.2Fpandas-roux-nouvelles-cibles-braconniers-asie-47384.2F14864598-1-fre-FR.2Fpandas-roux-nouvelles-cibles-des-braconniers-en-asie.2Ejpg/1200x1200/quality/80/crop-from/center/pandas-roux-nouvelles-cibles-des-braconniers-en-asie.jpeg;;;VISUA
Marcelle;du;Marcelledu@cy-tech.fr;30;12,394;"IAC ";"CS ";"IAP ";"BI ";"ICC ";"HPDA ";"INEM ";VISUA;1AUAHa;Marcelle.du;https://encrypted-tbn0.gstatic.com/images?q=tbn:ANd9GcTfrlDDg5I1qbSDkYyWpOM_d3Y-cUCou0-meYGRCgncHWWVp3bp;;;IAC
Antoine;Loiseau;AntoineLoiseau@cy-tech.fr;30;12,307;"IAC ";"BI ";"VISUA ";"ICC ";"INEM ";"CS ";"HPDA ";IAP;skkH8d;Antoine.Loiseau;https://fastcdn.mobalytics.gg/assets/lol/images/dd/summoner-icons/4568.png;;;IAC
Jérôme;Pottier;JérômePottier@cy-tech.fr;30;12,294;"CS ";"BI ";"IAC ";"HPDA ";"ICC ";"INEM ";"VISUA ";IAP;nNDiol;Jérôme.Pottier;https://i.pinimg.com/originals/c3/44/3a/c3443a3f13d7174680f1ced0642f7bce.jpg;;;CS
Julie;Lesage;JulieLesage@cy-tech.fr;30;12,279;"VISUA ";"INEM ";"IAC ";"CS ";"IAP ";"BI ";"HPDA ";ICC;JNF48m;Julie.Lesage;https://i.ibb.co/PTsRNJN/sabikui-bisco-img.jpg;;;VISUA
Jacques;Guibert;JacquesGuibert@cy-tech.fr;30;12,247;"IAP ";"IAC ";"VISUA ";"INEM ";"HPDA ";"ICC ";"CS ";BI;oxPHJ1;Jacques.Guibert;https://i.pinimg.com/originals/c3/44/3a/c3443a3f13d7174680f1ced0642f7bce.jpg;;;IAP
Paulette-Valérie;Albert;Paulette-ValérieAlbert@cy-tech.fr;30;12,222;"ICC ";"IAP ";"HPDA ";"CS ";"IAC ";"INEM ";"BI ";VISUA;GoNkAV;Paulette-Valérie.Albert;https://i.pinimg.com/736x/4d/3e/d9/4d3ed9632b2134e0b60b9d30f333eee0.jpg;;;ICC
Antoine;Lefort-Letellier;AntoineLefort-Letellier@cy-tech.fr;30;12,126;"INEM ";"CS ";"IAP ";"IAC ";"BI ";"HPDA ";"ICC ";VISUA;OsUUID;Antoine.Lefort-Letellier;https://dpsmiles.net/storage/profile/VtU6lfNwd2H4pReB.jpg;;;INEM
Josette;de;Josettede@cy-tech.fr;30;11,888;"CS ";"BI ";"IAC ";"INEM ";"VISUA ";"HPDA ";"IAP ";ICC;reOT19;Josette.de;https://www.renartleveille.com/wp-content/uploads/2010/01/Regard-de-canard.jpg;;;CS
Pénélope;Deschamps;PénélopeDeschamps@cy-tech.fr;30;11,881;"IAC ";"IAP ";"HPDA ";"CS ";"ICC ";"VISUA ";"INEM ";BI;XjsU1O;Pénélope.Deschamps;https://fastcdn.mobalytics.gg/assets/lol/images/dd/summoner-icons/4568.png;;;IAC
Thérèse;Meyer;ThérèseMeyer@cy-tech.fr;30;11,74;"CS ";"INEM ";"IAC ";"ICC ";"IAP ";"VISUA ";"BI ";HPDA;xPObev;Thérèse.Meyer;https://i.pinimg.com/474x/bf/73/29/bf73292fbc9d0642f16ab20e49b7c9e2.jpg;;;CS
Marcel;Guyot;MarcelGuyot@cy-tech.fr;30;11,629;"CS ";"INEM ";"IAC ";"IAP ";"HPDA ";"ICC ";"BI ";VISUA;12sjVm;Marcel.Guyot;https://pm1.narvii.com/6728/7b069c5a5499d33800b3e874cfbbc8591ef3009av2_hq.jpg;;;CS
Daniel;Bernard;DanielBernard@cy-tech.fr;30;11,59;"IAP ";"ICC ";"VISUA ";"BI ";"IAC ";"CS ";"INEM ";HPDA;eW@kLt;Daniel.Bernard;https://pyxis.nymag.com/v1/imgs/d6a/dc7/4a5001b7beea096457f480c8808572428b-09-roll-safe.rsquare.w700.jpg;;;IAP
Julie;Fernandez;JulieFernandez@cy-tech.fr;30;11,349;"ICC ";"CS ";"HPDA ";"IAP ";"IAC ";"INEM ";"VISUA ";BI;yjctKF;Julie.Fernandez;https://i.ibb.co/PTsRNJN/sabikui-bisco-img.jpg;;;ICC
Hugues;Lesage;HuguesLesage@cy-tech.fr;30;11,169;"INEM ";"IAC ";"CS ";"IAP ";"ICC ";"VISUA ";"BI ";HPDA;I5k-3Q;Hugues.Lesage;https://dpsmiles.net/storage/profile/VtU6lfNwd2H4pReB.jpg;;;INEM
Zoé;Guibert-Huet;ZoéGuibert-Huet@cy-tech.fr;30;11,063;"INEM ";"BI ";"VISUA ";"CS ";"ICC ";"HPDA ";"IAC ";IAP;1nQL-v;Zoé.Guibert-Huet;https://www.pngplay.com/wp-content/uploads/13/Sad-Pepe-Transparent-Free-PNG.png;;;INEM
Augustin;Gauthier;AugustinGauthier@cy-tech.fr;15;14,286;"INEM ";"CS ";"VISUA ";"IAP ";"IAC ";"ICC ";"BI ";HPDA;rPVHB8;Augustin.Gauthier;https://fac.img.pmdstatic.net/fit/http.3A.2F.2Fprd2-bone-image.2Es3-website-eu-west-1.2Eamazonaws.2Ecom.2FFAC.2Fvar.2Ffemmeactuelle.2Fstorage.2Fimages.2Fanimaux.2Fnews-animaux.2Fpandas-roux-nouvelles-cibles-braconniers-asie-47384.2F14864598-1-fre-FR.2Fpandas-roux-nouvelles-cibles-des-braconniers-en-asie.2Ejpg/1200x1200/quality/80/crop-from/center/pandas-roux-nouvelles-cibles-des-braconniers-en-asie.jpeg;;;INEM
Luce;Le;LuceLe@cy-tech.fr;15;13,628;"ICC ";"INEM ";"CS ";"BI ";"VISUA ";"IAP ";"IAC ";HPDA;Qhiy6b;Luce.Le;https://pm1.narvii.com/6728/7b069c5a5499d33800b3e874cfbbc8591ef3009av2_hq.jpg;;;ICC
Stéphane;Boulanger;StéphaneBoulanger@cy-tech.fr;15;12,471;"CS ";"INEM ";"ICC ";"IAP ";"IAC ";"HPDA ";"BI ";VISUA;F_Xqw@;Stéphane.Boulanger;https://pm1.narvii.com/6728/7b069c5a5499d33800b3e874cfbbc8591ef3009av2_hq.jpg;;;CS
Alfred;Loiseau;AlfredLoiseau@cy-tech.fr;15;12,233;"IAC ";"CS ";"HPDA ";"VISUA ";"BI ";"INEM ";"IAP ";ICC;5MM10X;Alfred.Loiseau;https://www.photo21.fr/wp-content/uploads/2021/07/lama-coeur.jpg;;;IAC
Brigitte;Le;BrigitteLe@cy-tech.fr;15;12,217;"VISUA ";"CS ";"IAC ";"INEM ";"BI ";"IAP ";"ICC ";HPDA;qXTMfr;Brigitte.Le;https://www.101soundboards.com/storage/board_pictures/width/46/29138.webp?c=1643288470;;;VISUA
Alice;Guillot;AliceGuillot@cy-tech.fr;15;12,06;"CS ";"VISUA ";"INEM ";"IAC ";"IAP ";"BI ";"ICC ";HPDA;fF6WGf;Alice.Guillot;https://i.pinimg.com/736x/4d/3e/d9/4d3ed9632b2134e0b60b9d30f333eee0.jpg;;;CS
Lucy;Le;LucyLe@cy-tech.fr;15;11,79;"CS ";"IAC ";"BI ";"INEM ";"IAP ";"ICC ";"VISUA ";HPDA;HN!dXa;Lucy.Le;https://encrypted-tbn0.gstatic.com/images?q=tbn:ANd9GcTfrlDDg5I1qbSDkYyWpOM_d3Y-cUCou0-meYGRCgncHWWVp3bp;;;CS
Madeleine;Charpentier-Leroux;MadeleineCharpentier-Leroux@cy-tech.fr;15;11,763;"IAC ";"CS ";"BI ";"VISUA ";"INEM ";"HPDA ";"IAP ";ICC;V0fExD;Madeleine.Charpentier-Leroux;https://www.renartleveille.com/wp-content/uploads/2010/01/Regard-de-canard.jpg;;;IAC
Emmanuel;du;Emmanueldu@cy-tech.fr;15;11,617;"IAC ";"BI ";"HPDA ";"IAP ";"VISUA ";"CS ";"INEM ";ICC;1JqnN7;Emmanuel.du;https://pm1.narvii.com/6728/7b069c5a5499d33800b3e874cfbbc8591ef3009av2_hq.jpg;;;IAC
Bernard;de;Bernardde@cy-tech.fr;15;11,602;"CS ";"INEM ";"BI ";"IAC ";"VISUA ";"IAP ";"ICC ";HPDA;TNsc94;Bernard.de;https://www.101soundboards.com/storage/board_pictures/width/46/29138.webp?c=1643288470;;;CS
Céline;Auger;CélineAuger@cy-tech.fr;15;11,535;"IAC ";"INEM ";"CS ";"BI ";"VISUA ";"HPDA ";"IAP ";ICC;V-Jlpw;Céline.Auger;https://www.pngplay.com/wp-content/uploads/13/Sad-Pepe-Transparent-Free-PNG.png;;;IAC
Auguste;Picard;AugustePicard@cy-tech.fr;15;11,53;"IAP ";"ICC ";"IAC ";"CS ";"VISUA ";"INEM ";"HPDA ";BI;PnUDT6;Auguste.Picard;https://www.renartleveille.com/wp-content/uploads/2010/01/Regard-de-canard.jpg;;;IAP
Augustin;Allain;AugustinAllain@cy-tech.fr;15;11,513;"CS ";"IAC ";"BI ";"INEM ";"VISUA ";"ICC ";"IAP ";HPDA;2J@!@@;Augustin.Allain;https://i.pinimg.com/736x/4d/3e/d9/4d3ed9632b2134e0b60b9d30f333eee0.jpg;;;CS
Aurore;Pichon;AurorePichon@cy-tech.fr;15;11,41;"CS ";"ICC ";"INEM ";"IAC ";"IAP ";"VISUA ";"HPDA ";BI;vJH3n2;Aurore.Pichon;https://www.pngplay.com/wp-content/uploads/13/Sad-Pepe-Transparent-Free-PNG.png;;;CS
Danielle-Joséphine;Bruneau;Danielle-JoséphineBruneau@cy-tech.fr;15;11,389;"CS ";"INEM ";"ICC ";"VISUA ";"IAP ";"IAC ";"HPDA ";BI;Um9Log;Danielle-Joséphine.Bruneau;https://i.pinimg.com/736x/4d/3e/d9/4d3ed9632b2134e0b60b9d30f333eee0.jpg;;;CS
Océane;Nguyen;OcéaneNguyen@cy-tech.fr;15;11,37;"CS ";"HPDA ";"ICC ";"IAP ";"INEM ";"IAC ";"BI ";VISUA;@_afaK;Océane.Nguyen;https://www.photo21.fr/wp-content/uploads/2021/07/lama-coeur.jpg;;;CS
Alexandre;Perret;AlexandrePerret@cy-tech.fr;15;11,305;"HPDA ";"IAP ";"IAC ";"INEM ";"VISUA ";"CS ";"ICC ";BI;VRq!@G;Alexandre.Perret;https://www.renartleveille.com/wp-content/uploads/2010/01/Regard-de-canard.jpg;;;HPDA
Gabrielle;Vasseur;GabrielleVasseur@cy-tech.fr;15;10,902;"INEM ";"IAP ";"IAC ";"ICC ";"VISUA ";"CS ";"BI ";HPDA;BVcmkw;Gabrielle.Vasseur;https://fac.img.pmdstatic.net/fit/http.3A.2F.2Fprd2-bone-image.2Es3-website-eu-west-1.2Eamazonaws.2Ecom.2FFAC.2Fvar.2Ffemmeactuelle.2Fstorage.2Fimages.2Fanimaux.2Fnews-animaux.2Fpandas-roux-nouvelles-cibles-braconniers-asie-47384.2F14864598-1-fre-FR.2Fpandas-roux-nouvelles-cibles-des-braconniers-en-asie.2Ejpg/1200x1200/quality/80/crop-from/center/pandas-roux-nouvelles-cibles-des-braconniers-en-asie.jpeg;;;INEM
Pierre;Mary;PierreMary@cy-tech.fr;15;10,831;"VISUA ";"INEM ";"BI ";"IAC ";"CS ";"IAP ";"HPDA ";ICC;Jk!Mzh;Pierre.Mary;https://www.photo21.fr/wp-content/uploads/2021/07/lama-coeur.jpg;;;VISUA
Michelle;Guibert;MichelleGuibert@cy-tech.fr;15;10,758;"VISUA ";"CS ";"IAC ";"INEM ";"BI ";"IAP ";"ICC ";HPDA;jkVbOX;Michelle.Guibert;https://i.pinimg.com/736x/4d/3e/d9/4d3ed9632b2134e0b60b9d30f333eee0.jpg;;;VISUA
Marguerite;de;Margueritede@cy-tech.fr;15;10,367;"IAC ";"CS ";"IAP ";"INEM ";"VISUA ";"ICC ";"BI ";HPDA;sBZWT3;Marguerite.de;https://i.ibb.co/PTsRNJN/sabikui-bisco-img.jpg;;;IAC
Victor;Vasseur;VictorVasseur@cy-tech.fr;15;10,337;"VISUA ";"CS ";"INEM ";"IAC ";"BI ";"ICC ";"IAP ";HPDA;v_@-i7;Victor.Vasseur;https://i.pinimg.com/originals/c3/44/3a/c3443a3f13d7174680f1ced0642f7bce.jpg;;;VISUA
Simone-Gabrielle;Bonnet;Simone-GabrielleBonnet@cy-tech.fr;15;10,301;"HPDA ";"IAP ";"ICC ";"BI ";"VISUA ";"CS ";"IAC ";INEM;oHV_Ey;Simone-Gabrielle.Bonnet;https://fac.img.pmdstatic.net/fit/http.3A.2F.2Fprd2-bone-image.2Es3-website-eu-west-1.2Eamazonaws.2Ecom.2FFAC.2Fvar.2Ffemmeactuelle.2Fstorage.2Fimages.2Fanimaux.2Fnews-animaux.2Fpandas-roux-nouvelles-cibles-braconniers-asie-47384.2F14864598-1-fre-FR.2Fpandas-roux-nouvelles-cibles-des-braconniers-en-asie.2Ejpg/1200x1200/quality/80/crop-from/center/pandas-roux-nouvelles-cibles-des-braconniers-en-asie.jpeg;;;HPDA
Adrien-Xavier;Menard;Adrien-XavierMenard@cy-tech.fr;15;10,291;"ICC ";"IAC ";"BI ";"CS ";"IAP ";"HPDA ";"INEM ";VISUA;iH2l0d;Adrien-Xavier.Menard;https://pyxis.nymag.com/v1/imgs/d6a/dc7/4a5001b7beea096457f480c8808572428b-09-roll-safe.rsquare.w700.jpg;;;ICC
Marcel;Carlier;MarcelCarlier@cy-tech.fr;15;10,29;"INEM ";"CS ";"VISUA ";"IAC ";"IAP ";"ICC ";"BI ";HPDA;7t54IZ;Marcel.Carlier;https://i.pinimg.com/originals/c3/44/3a/c3443a3f13d7174680f1ced0642f7bce.jpg;;;INEM
Zacharie;Muller;ZacharieMuller@cy-tech.fr;15;10,147;"VISUA ";"BI ";"IAC ";"IAP ";"ICC ";"INEM ";"CS ";HPDA;n7ajl9;Zacharie.Muller;https://pyxis.nymag.com/v1/imgs/d6a/dc7/4a5001b7beea096457f480c8808572428b-09-roll-safe.rsquare.w700.jpg;;;VISUA
Andrée;Mendes;AndréeMendes@cy-tech.fr;15;10,068;"VISUA ";"INEM ";"CS ";"BI ";"IAC ";"IAP ";"HPDA ";ICC;YdjRDe;Andrée.Mendes;https://media.lelombrik.net/t/0e9c5ce3b090e0ba1f925c0a8f83ec8b/p/01.jpg;;;VISUA
Auguste;Clerc-Maillard;AugusteClerc-Maillard@cy-tech.fr;15;8,952;"HPDA ";"CS ";"IAC ";"BI ";"IAP ";"VISUA ";"ICC ";INEM;D6LCnl;Auguste.Clerc-Maillard;https://media.lelombrik.net/t/0e9c5ce3b090e0ba1f925c0a8f83ec8b/p/01.jpg;;;HPDA
Léon;Maillard;LéonMaillard@cy-tech.fr;15;8,768;"VISUA ";"BI ";"INEM ";"IAC ";"CS ";"IAP ";"ICC ";HPDA;4JhsAZ;Léon.Maillard;https://i.pinimg.com/originals/c3/44/3a/c3443a3f13d7174680f1ced0642f7bce.jpg;;;VISUA
Jeanne;Poulain;JeannePoulain@cy-tech.fr;30;13,411;"BI ";"IAC ";"CS ";"VISUA ";"INEM ";"IAP ";"ICC ";HPDA;GCJ3!S;Jeanne.Poulain;https://www.pngplay.com/wp-content/uploads/13/Sad-Pepe-Transparent-Free-PNG.png;;;BI
François;Thomas;FrançoisThomas@cy-tech.fr;30;12,628;"BI ";"INEM ";"VISUA ";"IAC ";"CS ";"HPDA ";"ICC ";IAP;hfNlox;François.Thomas;https://www.101soundboards.com/storage/board_pictures/width/46/29138.webp?c=1643288470;;;BI
André;Bouvier;AndréBouvier@cy-tech.fr;30;12,333;"BI ";"IAC ";"CS ";"VISUA ";"INEM ";"HPDA ";"IAP ";ICC;ApGd8O;André.Bouvier;https://fac.img.pmdstatic.net/fit/http.3A.2F.2Fprd2-bone-image.2Es3-website-eu-west-1.2Eamazonaws.2Ecom.2FFAC.2Fvar.2Ffemmeactuelle.2Fstorage.2Fimages.2Fanimaux.2Fnews-animaux.2Fpandas-roux-nouvelles-cibles-braconniers-asie-47384.2F14864598-1-fre-FR.2Fpandas-roux-nouvelles-cibles-des-braconniers-en-asie.2Ejpg/1200x1200/quality/80/crop-from/center/pandas-roux-nouvelles-cibles-des-braconniers-en-asie.jpeg;;;BI
Monique;Lecomte;MoniqueLecomte@cy-tech.fr;15;13,528;"BI ";"CS ";"IAC ";"VISUA ";"INEM ";"ICC ";"HPDA ";IAP;nQtYxn;Monique.Lecomte;https://www.pngplay.com/wp-content/uploads/13/Sad-Pepe-Transparent-Free-PNG.png;;;BI
Gérard;Dufour;GérardDufour@cy-tech.fr;15;13,036;"BI ";"CS ";"IAC ";"ICC ";"VISUA ";"HPDA ";"INEM ";IAP;1-YwMh;Gérard.Dufour;https://dpsmiles.net/storage/profile/VtU6lfNwd2H4pReB.jpg;;;BI
William;Andre;WilliamAndre@cy-tech.fr;15;12,897;"BI ";"CS ";"VISUA ";"IAC ";"INEM ";"ICC ";"IAP ";HPDA;X_C2Pc;William.Andre;https://pyxis.nymag.com/v1/imgs/d6a/dc7/4a5001b7beea096457f480c8808572428b-09-roll-safe.rsquare.w700.jpg;;;BI
Gabriel;Blanchet;GabrielBlanchet@cy-tech.fr;15;12,597;"BI ";"IAC ";"ICC ";"CS ";"HPDA ";"IAP ";"INEM ";VISUA;SM7p9W;Gabriel.Blanchet;https://pyxis.nymag.com/v1/imgs/d6a/dc7/4a5001b7beea096457f480c8808572428b-09-roll-safe.rsquare.w700.jpg;;;BI
Frédérique;Maillot-Guyot;FrédériqueMaillot-Guyot@cy-tech.fr;15;11,851;"BI ";"INEM ";"IAC ";"HPDA ";"IAP ";"VISUA ";"CS ";ICC;ZVYL8V;Frédérique.Maillot-Guyot;https://i.ibb.co/PTsRNJN/sabikui-bisco-img.jpg;;;BI
Gilbert;Deschamps;GilbertDeschamps@cy-tech.fr;15;11,51;"IAP ";"HPDA ";"ICC ";"IAC ";"VISUA ";"INEM ";"CS ";BI;DtNAgs;Gilbert.Deschamps;https://www.renartleveille.com/wp-content/uploads/2010/01/Regard-de-canard.jpg;;;ICC
Élisabeth;Blondel;ÉlisabethBlondel@cy-tech.fr;15;11,261;"IAP ";"IAC ";"VISUA ";"ICC ";"INEM ";"CS ";"HPDA ";BI;P17O!6;Élisabeth.Blondel;https://fastcdn.mobalytics.gg/assets/lol/images/dd/summoner-icons/4568.png;;;VISUA
Henriette-Marthe;Tanguy;Henriette-MartheTanguy@cy-tech.fr;15;10,95;"CS ";"IAC ";"VISUA ";"INEM ";"ICC ";"IAP ";"BI ";HPDA;J6Io!D;Henriette-Marthe.Tanguy;https://www.photo21.fr/wp-content/uploads/2021/07/lama-coeur.jpg;;;CS
Daniel;Guillon;DanielGuillon@cy-tech.fr;15;10,726;"BI ";"INEM ";"IAC ";"ICC ";"CS ";"IAP ";"HPDA ";VISUA;zryX41;Daniel.Guillon;https://i.ibb.co/PTsRNJN/sabikui-bisco-img.jpg;;;BI
Claude;Gimenez;ClaudeGimenez@cy-tech.fr;15;10,602;"CS ";"IAC ";"BI ";"VISUA ";"INEM ";"IAP ";"ICC ";HPDA;POUQx0;Claude.Gimenez;https://www.renartleveille.com/wp-content/uploads/2010/01/Regard-de-canard.jpg;;;CS
Victor;Hubert;VictorHubert@cy-tech.fr;15;10,576;"CS ";"ICC ";"HPDA ";"BI ";"IAC ";"IAP ";"VISUA ";INEM;1d_EIB;Victor.Hubert;https://encrypted-tbn0.gstatic.com/images?q=tbn:ANd9GcTfrlDDg5I1qbSDkYyWpOM_d3Y-cUCou0-meYGRCgncHWWVp3bp;;;CS
Astrid;Fischer;AstridFischer@cy-tech.fr;15;10,427;"CS ";"ICC ";"IAP ";"IAC ";"INEM ";"HPDA ";"VISUA ";BI;LmSiyH;Astrid.Fischer;https://encrypted-tbn0.gstatic.com/images?q=tbn:ANd9GcTfrlDDg5I1qbSDkYyWpOM_d3Y-cUCou0-meYGRCgncHWWVp3bp;;;CS
Philippe;De;PhilippeDe@cy-tech.fr;15;9,523;"BI ";"INEM ";"VISUA ";"CS ";"IAC ";"IAP ";"ICC ";HPDA;oY-5mD;Philippe.De;https://i.pinimg.com/originals/c3/44/3a/c3443a3f13d7174680f1ced0642f7bce.jpg;;;BI
Éric;Rousset;ÉricRousset@cy-tech.fr;15;9,459;"CS ";"IAC ";"BI ";"IAP ";"ICC ";"VISUA ";"INEM ";HPDA;wu8_3V;Éric.Rousset;https://encrypted-tbn0.gstatic.com/images?q=tbn:ANd9GcTfrlDDg5I1qbSDkYyWpOM_d3Y-cUCou0-meYGRCgncHWWVp3bp;;;CS
Océane;Gauthier;OcéaneGauthier@cy-tech.fr;0;0;"IAP ";"HPDA ";"BI ";"IAC ";"VISUA ";"CS ";"ICC ";INEM;Yzd1I_;Océane.Gauthier;https://www.photo21.fr/wp-content/uploads/2021/07/lama-coeur.jpg;;;BI
Jules;Cohen;JulesCohen@cy-tech.fr;0;0;"IAC ";"VISUA ";"BI ";"CS ";"INEM ";"IAP ";"HPDA ";ICC;gYHeLK;Jules.Cohen;https://i.ibb.co/PTsRNJN/sabikui-bisco-img.jpg;;;IAC
Patrick;Morin;PatrickMorin@cy-tech.fr;15;10,731;"BI ";"CS ";"IAC ";"ICC ";"IAP ";"INEM ";"VISUA ";HPDA;RZgSYU;Patrick.Morin;https://www.renartleveille.com/wp-content/uploads/2010/01/Regard-de-canard.jpg;;;BI
Augustin;David-Rey;AugustinDavid-Rey@cy-tech.fr;15;9,891;"CS ";"IAP ";"IAC ";"INEM ";"ICC ";"BI ";"HPDA ";VISUA;Da1X8M;Augustin.David-Rey;https://www.101soundboards.com/storage/board_pictures/width/46/29138.webp?c=1643288470;;;CS
Dorothée;Albert;DorothéeAlbert@cy-tech.fr;15;9,291;"CS ";"BI ";"INEM ";"IAC ";"VISUA ";"HPDA ";"ICC ";IAP;RWGaNF;Dorothée.Albert;https://dpsmiles.net/storage/profile/VtU6lfNwd2H4pReB.jpg;;;CS
Christophe-Honoré;Mallet;Christophe-HonoréMallet@cy-tech.fr;15;9,255;"BI ";"IAC ";"VISUA ";"INEM ";"CS ";"IAP ";"ICC ";HPDA;0N_dAf;Christophe-Honoré.Mallet;https://fac.img.pmdstatic.net/fit/http.3A.2F.2Fprd2-bone-image.2Es3-website-eu-west-1.2Eamazonaws.2Ecom.2FFAC.2Fvar.2Ffemmeactuelle.2Fstorage.2Fimages.2Fanimaux.2Fnews-animaux.2Fpandas-roux-nouvelles-cibles-braconniers-asie-47384.2F14864598-1-fre-FR.2Fpandas-roux-nouvelles-cibles-des-braconniers-en-asie.2Ejpg/1200x1200/quality/80/crop-from/center/pandas-roux-nouvelles-cibles-des-braconniers-en-asie.jpeg;;;BI
Édouard;Leconte;ÉdouardLeconte@cy-tech.fr;15;9,007;"IAC ";"CS ";"VISUA ";"INEM ";"ICC ";"IAP ";"BI ";HPDA;RB_7sZ;Édouard.Leconte;https://pyxis.nymag.com/v1/imgs/d6a/dc7/4a5001b7beea096457f480c8808572428b-09-roll-safe.rsquare.w700.jpg;;;IAC
Dominique;Leclerc;DominiqueLeclerc@cy-tech.fr;0;0;"CS ";"INEM ";"ICC ";"IAP ";"IAC ";"VISUA ";"HPDA ";BI;m6Xxvr;Dominique.Leclerc;https://www.101soundboards.com/storage/board_pictures/width/46/29138.webp?c=1643288470;;;CS
René;Picard;RenéPicard@cy-tech.fr;0;0;"IAC ";"BI ";"VISUA ";"INEM ";"IAP ";"ICC ";"HPDA ";CS;nNJDt4;René.Picard;https://pyxis.nymag.com/v1/imgs/d6a/dc7/4a5001b7beea096457f480c8808572428b-09-roll-safe.rsquare.w700.jpg;;;IAC
Jules;Arnaud;JulesArnaud@cy-tech.fr;0;0;"IAP ";"IAC ";"ICC ";"BI ";"HPDA ";"VISUA ";"CS ";INEM;-vLqtA;Jules.Arnaud;https://i.pinimg.com/originals/c3/44/3a/c3443a3f13d7174680f1ced0642f7bce.jpg;;;ICC
Raymond-Édouard;Coulon;Raymond-ÉdouardCoulon@cy-tech.fr;15;1,475;"CS ";"IAC ";"BI ";"VISUA ";"IAP ";"ICC ";"HPDA ";INEM;LxrVQg;Raymond-Édouard.Coulon;https://www.pngplay.com/wp-content/uploads/13/Sad-Pepe-Transparent-Free-PNG.png;;;CS
Joséphine;Martin;JoséphineMartin@cy-tech.fr;0;0;"IAC ";"CS ";"INEM ";"VISUA ";"BI ";"IAP ";"HPDA ";ICC;QmPfol;Joséphine.Martin;https://www.101soundboards.com/storage/board_pictures/width/46/29138.webp?c=1643288470;;;IAC
Nath;du;Nathdu@cy-tech.fr;0;0;"CS ";"INEM ";"IAC ";"IAP ";"VISUA ";"HPDA ";"ICC ";BI;Jq1gW@;Nath.du;https://pyxis.nymag.com/v1/imgs/d6a/dc7/4a5001b7beea096457f480c8808572428b-09-roll-safe.rsquare.w700.jpg;;;CS
Anouk;Fournier;AnoukFournier@cy-tech.fr;0;0;"CS ";"IAC ";"IAP ";"INEM ";"VISUA ";"ICC ";"BI ";HPDA;9sE_lD;Anouk.Fournier;https://i.pinimg.com/474x/bf/73/29/bf73292fbc9d0642f16ab20e49b7c9e2.jpg;;;CS
