prenom;nom;login;"ECTS acquis";Moyenne;"Choix 1";"Choix 2";"Choix 3";"Choix 4";"Choix 5";"Choix 6";"Choix 7";"Choix 8	";password;pseudo;"profile picture";"birth date";adress
Corinne;Gros;CorinneGros@cy-tech.fr;30;"15	758";"IAC ";"VISUA ";"BI ";"INEM ";"CS ";"IAP ";"HPDA ";ICC;C-tpQ-;Corinne.Gros;https://i.ibb.co/PTsRNJN/sabikui-bisco-img.jpg;;
Isabelle;Dijoux;IsabelleDijoux@cy-tech.fr;30;"15	746";"CS ";"ICC ";"IAC ";"INEM ";"HPDA ";"IAP ";"VISUA ";BI;r0Chfy;Isabelle.Dijoux;https://www.pngplay.com/wp-content/uploads/13/Sad-Pepe-Transparent-Free-PNG.png;;
Dominique;Gaillard;DominiqueGaillard@cy-tech.fr;30;"15	715";"IAC ";"CS ";"VISUA ";"IAP ";"INEM ";"BI ";"ICC ";HPDA;uBYCY5;Dominique.Gaillard;https://fac.img.pmdstatic.net/fit/http.3A.2F.2Fprd2-bone-image.2Es3-website-eu-west-1.2Eamazonaws.2Ecom.2FFAC.2Fvar.2Ffemmeactuelle.2Fstorage.2Fimages.2Fanimaux.2Fnews-animaux.2Fpandas-roux-nouvelles-cibles-braconniers-asie-47384.2F14864598-1-fre-FR.2Fpandas-roux-nouvelles-cibles-des-braconniers-en-asie.2Ejpg/1200x1200/quality/80/crop-from/center/pandas-roux-nouvelles-cibles-des-braconniers-en-asie.jpeg;;
Pénélope;Ribeiro;PénélopeRibeiro@cy-tech.fr;30;"15	709";"VISUA ";"BI ";"IAC ";"CS ";"INEM ";"ICC ";"IAP ";HPDA;qmQmtf;Pénélope.Ribeiro;https://pm1.narvii.com/6728/7b069c5a5499d33800b3e874cfbbc8591ef3009av2_hq.jpg;;
Benjamin;Masson;BenjaminMasson@cy-tech.fr;30;"15	623";"IAC ";"IAP ";"CS ";"BI ";"INEM ";"VISUA ";"ICC ";HPDA;6_cBWn;Benjamin.Masson;https://www.101soundboards.com/storage/board_pictures/width/46/29138.webp?c=1643288470;;
Georges;Bonnet;GeorgesBonnet@cy-tech.fr;30;"15	575";"INEM ";"IAP ";"IAC ";"CS ";"HPDA ";"BI ";"ICC ";VISUA;eIh&q4;Georges.Bonnet;https://fac.img.pmdstatic.net/fit/http.3A.2F.2Fprd2-bone-image.2Es3-website-eu-west-1.2Eamazonaws.2Ecom.2FFAC.2Fvar.2Ffemmeactuelle.2Fstorage.2Fimages.2Fanimaux.2Fnews-animaux.2Fpandas-roux-nouvelles-cibles-braconniers-asie-47384.2F14864598-1-fre-FR.2Fpandas-roux-nouvelles-cibles-des-braconniers-en-asie.2Ejpg/1200x1200/quality/80/crop-from/center/pandas-roux-nouvelles-cibles-des-braconniers-en-asie.jpeg;;
David;Louis;DavidLouis@cy-tech.fr;30;"15	55";"CS ";"IAC ";"VISUA ";"INEM ";"ICC ";"HPDA ";"BI ";IAP;6ifcax;David.Louis;https://i.ibb.co/PTsRNJN/sabikui-bisco-img.jpg;;
Andrée;Rocher;AndréeRocher@cy-tech.fr;30;"15	535";"IAC ";"CS ";"IAP ";"VISUA ";"INEM ";"HPDA ";"ICC ";BI;48MJ6E;Andrée.Rocher;https://www.photo21.fr/wp-content/uploads/2021/07/lama-coeur.jpg;;
Gérard;Guerin;GérardGuerin@cy-tech.fr;30;"15	527";"IAP ";"HPDA ";"IAC ";"ICC ";"INEM ";"VISUA ";"CS ";BI;S70zCv;Gérard.Guerin;https://fac.img.pmdstatic.net/fit/http.3A.2F.2Fprd2-bone-image.2Es3-website-eu-west-1.2Eamazonaws.2Ecom.2FFAC.2Fvar.2Ffemmeactuelle.2Fstorage.2Fimages.2Fanimaux.2Fnews-animaux.2Fpandas-roux-nouvelles-cibles-braconniers-asie-47384.2F14864598-1-fre-FR.2Fpandas-roux-nouvelles-cibles-des-braconniers-en-asie.2Ejpg/1200x1200/quality/80/crop-from/center/pandas-roux-nouvelles-cibles-des-braconniers-en-asie.jpeg;;
Caroline;Bailly;CarolineBailly@cy-tech.fr;30;"15	491";"IAC ";"BI ";"VISUA ";"INEM ";"IAP ";"HPDA ";"ICC ";CS;p@QVfM;Caroline.Bailly;https://www.pngplay.com/wp-content/uploads/13/Sad-Pepe-Transparent-Free-PNG.png;;
Christelle;Lucas;ChristelleLucas@cy-tech.fr;30;"15	474";"CS ";"ICC ";"BI ";"INEM ";"IAC ";"IAP ";"VISUA ";HPDA;@zTIM7;Christelle.Lucas;https://i.pinimg.com/474x/bf/73/29/bf73292fbc9d0642f16ab20e49b7c9e2.jpg;;
Hugues;Morel;HuguesMorel@cy-tech.fr;30;"15	468";"VISUA ";"ICC ";"IAP ";"CS ";"INEM ";"IAC ";"HPDA ";BI;KHg-o_;Hugues.Morel;https://www.renartleveille.com/wp-content/uploads/2010/01/Regard-de-canard.jpg;;
Thibault-Charles;Blanc;Thibault-CharlesBlanc@cy-tech.fr;30;"15	448";"CS ";"IAC ";"BI ";"INEM ";"IAP ";"VISUA ";"ICC ";HPDA;wzjh8y;Thibault-Charles.Blanc;https://media.lelombrik.net/t/0e9c5ce3b090e0ba1f925c0a8f83ec8b/p/01.jpg;;
Étienne-Gilbert;Allard;Étienne-GilbertAllard@cy-tech.fr;30;"15	348";"IAP ";"IAC ";"ICC ";"VISUA ";"INEM ";"CS ";"HPDA ";BI;tCxsAw;Étienne-Gilbert.Allard;https://i.ibb.co/PTsRNJN/sabikui-bisco-img.jpg;;
Zacharie;Bernard;ZacharieBernard@cy-tech.fr;30;"15	305";"INEM ";"ICC ";"CS ";"IAP ";"HPDA ";"IAC ";"BI ";VISUA;p0_w86;Zacharie.Bernard;https://encrypted-tbn0.gstatic.com/images?q=tbn:ANd9GcTfrlDDg5I1qbSDkYyWpOM_d3Y-cUCou0-meYGRCgncHWWVp3bp;;
daisy;Lopez;daisyLopez@cy-tech.fr;30;"15	276";"ICC ";"IAP ";"HPDA ";"CS ";"IAC ";"INEM ";"VISUA ";BI;TpLghW;daisy.Lopez;https://pm1.narvii.com/6728/7b069c5a5499d33800b3e874cfbbc8591ef3009av2_hq.jpg;;
Émile-Olivier;Legendre;Émile-OlivierLegendre@cy-tech.fr;30;"15	221";"IAC ";"IAP ";"BI ";"INEM ";"VISUA ";"HPDA ";"CS ";ICC;Q8iSTJ;Émile-Olivier.Legendre;https://media.lelombrik.net/t/0e9c5ce3b090e0ba1f925c0a8f83ec8b/p/01.jpg;;
Claire;Leclerc;ClaireLeclerc@cy-tech.fr;30;"15	212";"IAP ";"ICC ";"IAC ";"CS ";"INEM ";"VISUA ";"BI ";HPDA;07zyc-;Claire.Leclerc;https://www.101soundboards.com/storage/board_pictures/width/46/29138.webp?c=1643288470;;
Raymond;Bonnet;RaymondBonnet@cy-tech.fr;30;"15	208";"CS ";"ICC ";"IAP ";"INEM ";"IAC ";"VISUA ";"BI ";HPDA;LY_MMy;Raymond.Bonnet;https://media.lelombrik.net/t/0e9c5ce3b090e0ba1f925c0a8f83ec8b/p/01.jpg;;
Clémence;Leblanc;ClémenceLeblanc@cy-tech.fr;30;"15	206";"CS ";"BI ";"IAC ";"ICC ";"INEM ";"VISUA ";"IAP ";HPDA;kZLIyH;Clémence.Leblanc;https://media.lelombrik.net/t/0e9c5ce3b090e0ba1f925c0a8f83ec8b/p/01.jpg;;
Gilbert;Marin;GilbertMarin@cy-tech.fr;30;"15	169";"IAC ";"CS ";"VISUA ";"BI ";"INEM ";"IAP ";"ICC ";HPDA;M1Hx0f;Gilbert.Marin;https://www.renartleveille.com/wp-content/uploads/2010/01/Regard-de-canard.jpg;;
Noémi;Humbert-Barbe;NoémiHumbert-Barbe@cy-tech.fr;30;"15	128";"CS ";"BI ";"IAC ";"HPDA ";"VISUA ";"INEM ";"IAP ";ICC;dHZ6U3;Noémi.Humbert-Barbe;https://www.101soundboards.com/storage/board_pictures/width/46/29138.webp?c=1643288470;;
Étienne;de;Étiennede@cy-tech.fr;30;"15	089";"CS ";"INEM ";"HPDA ";"VISUA ";"IAC ";"ICC ";"BI ";IAP;UmoG0v;Étienne.de;https://i.pinimg.com/474x/bf/73/29/bf73292fbc9d0642f16ab20e49b7c9e2.jpg;;
Philippine;de;Philippinede@cy-tech.fr;30;"15	056";"INEM ";"VISUA ";"CS ";"ICC ";"IAP ";"IAC ";"BI ";HPDA;LZrl8D;Philippine.de;https://www.pngplay.com/wp-content/uploads/13/Sad-Pepe-Transparent-Free-PNG.png;;
Juliette;Thibault;JulietteThibault@cy-tech.fr;30;"15	004";"IAC ";"IAP ";"VISUA ";"CS ";"INEM ";"HPDA ";"ICC ";BI;Dq6z90;Juliette.Thibault;https://www.pngplay.com/wp-content/uploads/13/Sad-Pepe-Transparent-Free-PNG.png;;
François;de;Françoisde@cy-tech.fr;30;"14	982";"VISUA ";"ICC ";"IAP ";"INEM ";"IAC ";"CS ";"BI ";HPDA;mc0n4N;François.de;https://www.pngplay.com/wp-content/uploads/13/Sad-Pepe-Transparent-Free-PNG.png;;
Léon;du;Léondu@cy-tech.fr;30;"14	927";"IAP ";"IAC ";"ICC ";"HPDA ";"INEM ";"VISUA ";"BI ";CS;A86Ow4;Léon.du;https://i.pinimg.com/736x/4d/3e/d9/4d3ed9632b2134e0b60b9d30f333eee0.jpg;;
Maurice;Alves;MauriceAlves@cy-tech.fr;30;"14	918";"INEM ";"VISUA ";"IAC ";"CS ";"HPDA ";"BI ";"IAP ";ICC;1AAqy6;Maurice.Alves;https://www.renartleveille.com/wp-content/uploads/2010/01/Regard-de-canard.jpg;;
Marie;Blanc;MarieBlanc@cy-tech.fr;30;"14	894";"CS ";"IAC ";"INEM ";"BI ";"ICC ";"IAP ";"HPDA ";VISUA;pioA3S;Marie.Blanc;https://i.ibb.co/PTsRNJN/sabikui-bisco-img.jpg;;
Denise-Alexandrie;Clement;Denise-AlexandrieClement@cy-tech.fr;30;"14	88";"IAC ";"IAP ";"CS ";"BI ";"HPDA ";"INEM ";"ICC ";VISUA;1zOK&R;Denise-Alexandrie.Clement;https://i.pinimg.com/736x/4d/3e/d9/4d3ed9632b2134e0b60b9d30f333eee0.jpg;;
Luc;Ribeiro;LucRibeiro@cy-tech.fr;30;"14	854";"CS ";"INEM ";"VISUA ";"IAC ";"ICC ";"IAP ";"HPDA ";BI;r1Tlx7;Luc.Ribeiro;https://www.renartleveille.com/wp-content/uploads/2010/01/Regard-de-canard.jpg;;
Charlotte;du;Charlottedu@cy-tech.fr;30;"14	849";"CS ";"IAC ";"VISUA ";"INEM ";"BI ";"ICC ";"IAP ";HPDA;dOIP!f;Charlotte.du;https://www.renartleveille.com/wp-content/uploads/2010/01/Regard-de-canard.jpg;;
Michèle;du;Michèledu@cy-tech.fr;30;"14	835";"IAP ";"HPDA ";"ICC ";"IAC ";"INEM ";"CS ";"VISUA ";BI;rifWWo;Michèle.du;https://i.ibb.co/PTsRNJN/sabikui-bisco-img.jpg;;
Hortense;Maillet;HortenseMaillet@cy-tech.fr;30;"14	732";"IAC ";"CS ";"VISUA ";"BI ";"IAP ";"ICC ";"HPDA ";INEM;rgBGEW;Hortense.Maillet;https://pm1.narvii.com/6728/7b069c5a5499d33800b3e874cfbbc8591ef3009av2_hq.jpg;;
Françoise;Chauveau;FrançoiseChauveau@cy-tech.fr;30;"14	724";"VISUA ";"INEM ";"IAP ";"IAC ";"CS ";"HPDA ";"ICC ";BI;&Gwx6P;Françoise.Chauveau;https://www.101soundboards.com/storage/board_pictures/width/46/29138.webp?c=1643288470;;
Jeanne;Le;JeanneLe@cy-tech.fr;30;"14	689";"IAC ";"CS ";"INEM ";"IAP ";"BI ";"HPDA ";"ICC ";VISUA;kp4bAd;Jeanne.Le;https://fastcdn.mobalytics.gg/assets/lol/images/dd/summoner-icons/4568.png;;
Hugues;Lemaire;HuguesLemaire@cy-tech.fr;30;"14	65";"CS ";"ICC ";"INEM ";"IAC ";"VISUA ";"BI ";"IAP ";HPDA;BK9dqC;Hugues.Lemaire;https://i.pinimg.com/originals/c3/44/3a/c3443a3f13d7174680f1ced0642f7bce.jpg;;
Yves;Roy-Perret;YvesRoy-Perret@cy-tech.fr;30;"14	635";"INEM ";"CS ";"IAC ";"BI ";"VISUA ";"IAP ";"ICC ";HPDA;IjaNxK;Yves.Roy-Perret;https://fastcdn.mobalytics.gg/assets/lol/images/dd/summoner-icons/4568.png;;
Isaac;Riou;IsaacRiou@cy-tech.fr;30;"14	633";"CS ";"IAC ";"INEM ";"BI ";"VISUA ";"ICC ";"IAP ";HPDA;X!bvfl;Isaac.Riou;https://fac.img.pmdstatic.net/fit/http.3A.2F.2Fprd2-bone-image.2Es3-website-eu-west-1.2Eamazonaws.2Ecom.2FFAC.2Fvar.2Ffemmeactuelle.2Fstorage.2Fimages.2Fanimaux.2Fnews-animaux.2Fpandas-roux-nouvelles-cibles-braconniers-asie-47384.2F14864598-1-fre-FR.2Fpandas-roux-nouvelles-cibles-des-braconniers-en-asie.2Ejpg/1200x1200/quality/80/crop-from/center/pandas-roux-nouvelles-cibles-des-braconniers-en-asie.jpeg;;
Daniel;Mace-Carre;DanielMace-Carre@cy-tech.fr;30;"14	632";"HPDA ";"IAC ";"VISUA ";"IAP ";"CS ";"INEM ";"ICC ";BI;igxyrO;Daniel.Mace-Carre;https://i.ibb.co/PTsRNJN/sabikui-bisco-img.jpg;;
Laurence;Normand;LaurenceNormand@cy-tech.fr;30;"14	573";"IAP ";"HPDA ";"ICC ";"IAC ";"BI ";"VISUA ";"CS ";INEM;NMN!Wx;Laurence.Normand;https://encrypted-tbn0.gstatic.com/images?q=tbn:ANd9GcTfrlDDg5I1qbSDkYyWpOM_d3Y-cUCou0-meYGRCgncHWWVp3bp;;
Antoine;Etienne;AntoineEtienne@cy-tech.fr;30;"14	559";"CS ";"INEM ";"VISUA ";"BI ";"IAC ";"HPDA ";"ICC ";IAP;vg&5RA;Antoine.Etienne;https://fastcdn.mobalytics.gg/assets/lol/images/dd/summoner-icons/4568.png;;
Éric;Le;ÉricLe@cy-tech.fr;30;"14	557";"VISUA ";"INEM ";"IAP ";"CS ";"IAC ";"ICC ";"HPDA ";BI;3poMda;Éric.Le;https://media.lelombrik.net/t/0e9c5ce3b090e0ba1f925c0a8f83ec8b/p/01.jpg;;
Lucas;Rolland;LucasRolland@cy-tech.fr;30;"14	549";"HPDA ";"IAP ";"IAC ";"BI ";"VISUA ";"CS ";"ICC ";INEM;uH-YRQ;Lucas.Rolland;https://www.renartleveille.com/wp-content/uploads/2010/01/Regard-de-canard.jpg;;
Frédérique;Barre-Vallee;FrédériqueBarre-Vallee@cy-tech.fr;30;"14	522";"CS ";"IAC ";"BI ";"VISUA ";"INEM ";"IAP ";"HPDA ";ICC;7darJj;Frédérique.Barre-Vallee;https://www.renartleveille.com/wp-content/uploads/2010/01/Regard-de-canard.jpg;;
Laurence;Bailly;LaurenceBailly@cy-tech.fr;30;"14	516";"INEM ";"IAP ";"IAC ";"ICC ";"CS ";"VISUA ";"BI ";HPDA;NztSU3;Laurence.Bailly;https://www.pngplay.com/wp-content/uploads/13/Sad-Pepe-Transparent-Free-PNG.png;;
Noémi;Evrard;NoémiEvrard@cy-tech.fr;30;"14	495";"IAP ";"ICC ";"HPDA ";"IAC ";"BI ";"CS ";"INEM ";VISUA;zxGYdd;Noémi.Evrard;https://encrypted-tbn0.gstatic.com/images?q=tbn:ANd9GcTfrlDDg5I1qbSDkYyWpOM_d3Y-cUCou0-meYGRCgncHWWVp3bp;;
Thibault;Faivre;ThibaultFaivre@cy-tech.fr;30;"14	348";"ICC ";"IAP ";"HPDA ";"IAC ";"CS ";"BI ";"VISUA ";INEM;q1FiyB;Thibault.Faivre;https://encrypted-tbn0.gstatic.com/images?q=tbn:ANd9GcTfrlDDg5I1qbSDkYyWpOM_d3Y-cUCou0-meYGRCgncHWWVp3bp;;
Suzanne;de;Suzannede@cy-tech.fr;30;"14	33";"IAC ";"IAP ";"VISUA ";"CS ";"HPDA ";"INEM ";"ICC ";BI;&YRSAo;Suzanne.de;https://www.renartleveille.com/wp-content/uploads/2010/01/Regard-de-canard.jpg;;
Eugène;Dumas;EugèneDumas@cy-tech.fr;30;"14	321";"IAC ";"BI ";"CS ";"VISUA ";"INEM ";"IAP ";"ICC ";HPDA;gazL3v;Eugène.Dumas;https://dpsmiles.net/storage/profile/VtU6lfNwd2H4pReB.jpg;;
Michelle;Vidal;MichelleVidal@cy-tech.fr;30;"14	318";"CS ";"ICC ";"VISUA ";"INEM ";"BI ";"IAC ";"IAP ";HPDA;Osj3Hd;Michelle.Vidal;https://pm1.narvii.com/6728/7b069c5a5499d33800b3e874cfbbc8591ef3009av2_hq.jpg;;
René;Gomez;RenéGomez@cy-tech.fr;30;"14	276";"CS ";"IAC ";"BI ";"INEM ";"IAP ";"ICC ";"HPDA ";VISUA;MPwX&i;René.Gomez;https://www.101soundboards.com/storage/board_pictures/width/46/29138.webp?c=1643288470;;
Denise;Lebreton;DeniseLebreton@cy-tech.fr;30;"14	272";"IAC ";"VISUA ";"CS ";"INEM ";"BI ";"IAP ";"HPDA ";ICC;cBk7dD;Denise.Lebreton;https://i.pinimg.com/474x/bf/73/29/bf73292fbc9d0642f16ab20e49b7c9e2.jpg;;
David;Godard-Clerc;DavidGodard-Clerc@cy-tech.fr;30;"14	256";"IAP ";"ICC ";"IAC ";"INEM ";"VISUA ";"CS ";"BI ";HPDA;Y5WIQO;David.Godard-Clerc;https://fastcdn.mobalytics.gg/assets/lol/images/dd/summoner-icons/4568.png;;
François;Leroux;FrançoisLeroux@cy-tech.fr;30;"14	251";"IAC ";"IAP ";"CS ";"BI ";"ICC ";"HPDA ";"INEM ";VISUA;yZO!mr;François.Leroux;https://i.pinimg.com/736x/4d/3e/d9/4d3ed9632b2134e0b60b9d30f333eee0.jpg;;
Célina;Cordier;CélinaCordier@cy-tech.fr;30;"14	246";"ICC ";"CS ";"IAP ";"IAC ";"BI ";"VISUA ";"INEM ";HPDA;GVJ2aD;Célina.Cordier;https://fac.img.pmdstatic.net/fit/http.3A.2F.2Fprd2-bone-image.2Es3-website-eu-west-1.2Eamazonaws.2Ecom.2FFAC.2Fvar.2Ffemmeactuelle.2Fstorage.2Fimages.2Fanimaux.2Fnews-animaux.2Fpandas-roux-nouvelles-cibles-braconniers-asie-47384.2F14864598-1-fre-FR.2Fpandas-roux-nouvelles-cibles-des-braconniers-en-asie.2Ejpg/1200x1200/quality/80/crop-from/center/pandas-roux-nouvelles-cibles-des-braconniers-en-asie.jpeg;;
Marcelle;Turpin;MarcelleTurpin@cy-tech.fr;30;"14	244";"CS ";"IAC ";"INEM ";"ICC ";"IAP ";"BI ";"HPDA ";VISUA;2tIIrX;Marcelle.Turpin;https://www.101soundboards.com/storage/board_pictures/width/46/29138.webp?c=1643288470;;
Benjamin;Guillou;BenjaminGuillou@cy-tech.fr;30;"14	225";"ICC ";"INEM ";"CS ";"IAP ";"IAC ";"VISUA ";"BI ";HPDA;X5n7!j;Benjamin.Guillou;https://pm1.narvii.com/6728/7b069c5a5499d33800b3e874cfbbc8591ef3009av2_hq.jpg;;
Lucas;Renault-Jean;LucasRenault-Jean@cy-tech.fr;30;"14	207";"IAC ";"BI ";"ICC ";"CS ";"VISUA ";"IAP ";"INEM ";HPDA;lYz@E3;Lucas.Renault-Jean;https://i.pinimg.com/originals/c3/44/3a/c3443a3f13d7174680f1ced0642f7bce.jpg;;
Gabriel;du;Gabrieldu@cy-tech.fr;30;"14	198";"ICC ";"IAP ";"HPDA ";"CS ";"IAC ";"VISUA ";"INEM ";BI;n7uYer;Gabriel.du;https://www.photo21.fr/wp-content/uploads/2021/07/lama-coeur.jpg;;
Anaïs;de;Anaïsde@cy-tech.fr;30;"14	185";"VISUA ";"CS ";"INEM ";"IAC ";"BI ";"ICC ";"HPDA ";IAP;AyYBJm;Anaïs.de;https://media.lelombrik.net/t/0e9c5ce3b090e0ba1f925c0a8f83ec8b/p/01.jpg;;
Agathe;Techer;AgatheTecher@cy-tech.fr;30;"14	182";"CS ";"IAC ";"BI ";"ICC ";"INEM ";"VISUA ";"IAP ";HPDA;1B4-Bx;Agathe.Techer;https://i.pinimg.com/474x/bf/73/29/bf73292fbc9d0642f16ab20e49b7c9e2.jpg;;
Étienne;du;Étiennedu@cy-tech.fr;30;"14	17";"CS ";"IAC ";"INEM ";"VISUA ";"BI ";"ICC ";"IAP ";HPDA;e3xsg_;Étienne.du;https://pm1.narvii.com/6728/7b069c5a5499d33800b3e874cfbbc8591ef3009av2_hq.jpg;;
Andrée;Richard;AndréeRichard@cy-tech.fr;30;"14	137";"IAP ";"CS ";"IAC ";"HPDA ";"INEM ";"ICC ";"BI ";VISUA;YysuiK;Andrée.Richard;https://i.pinimg.com/originals/c3/44/3a/c3443a3f13d7174680f1ced0642f7bce.jpg;;
Antoinette;Chevallier;AntoinetteChevallier@cy-tech.fr;30;"14	125";"CS ";"INEM ";"BI ";"IAC ";"VISUA ";"IAP ";"HPDA ";ICC;GFxZTD;Antoinette.Chevallier;https://media.lelombrik.net/t/0e9c5ce3b090e0ba1f925c0a8f83ec8b/p/01.jpg;;
Alphonse;Le;AlphonseLe@cy-tech.fr;30;"14	121";"BI ";"IAC ";"CS ";"VISUA ";"HPDA ";"IAP ";"ICC ";INEM;Sb58IQ;Alphonse.Le;https://i.ibb.co/PTsRNJN/sabikui-bisco-img.jpg;;
Lucas;Maillard;LucasMaillard@cy-tech.fr;30;"13	923";"BI ";"INEM ";"CS ";"IAC ";"VISUA ";"IAP ";"ICC ";HPDA;9h9FTj;Lucas.Maillard;https://www.101soundboards.com/storage/board_pictures/width/46/29138.webp?c=1643288470;;
André;Leleu;AndréLeleu@cy-tech.fr;30;"13	798";"CS ";"INEM ";"IAC ";"ICC ";"BI ";"VISUA ";"IAP ";HPDA;9r@jGb;André.Leleu;https://i.pinimg.com/474x/bf/73/29/bf73292fbc9d0642f16ab20e49b7c9e2.jpg;;
Emmanuel;Riou;EmmanuelRiou@cy-tech.fr;30;"13	785";"CS ";"IAC ";"VISUA ";"INEM ";"BI ";"IAP ";"ICC ";HPDA;w&9Rbh;Emmanuel.Riou;https://dpsmiles.net/storage/profile/VtU6lfNwd2H4pReB.jpg;;
David;Lesage;DavidLesage@cy-tech.fr;30;"13	775";"VISUA ";"CS ";"IAC ";"ICC ";"INEM ";"IAP ";"BI ";HPDA;4S4uTB;David.Lesage;https://encrypted-tbn0.gstatic.com/images?q=tbn:ANd9GcTfrlDDg5I1qbSDkYyWpOM_d3Y-cUCou0-meYGRCgncHWWVp3bp;;
Grégoire;Dubois;GrégoireDubois@cy-tech.fr;30;"13	753";"CS ";"VISUA ";"INEM ";"IAC ";"ICC ";"BI ";"IAP ";HPDA;n4rDxg;Grégoire.Dubois;https://encrypted-tbn0.gstatic.com/images?q=tbn:ANd9GcTfrlDDg5I1qbSDkYyWpOM_d3Y-cUCou0-meYGRCgncHWWVp3bp;;
Paulette;Leclercq;PauletteLeclercq@cy-tech.fr;30;"13	729";"ICC ";"IAP ";"IAC ";"VISUA ";"INEM ";"CS ";"BI ";HPDA;nHsy_7;Paulette.Leclercq;https://www.renartleveille.com/wp-content/uploads/2010/01/Regard-de-canard.jpg;;
Thierry;Faure;ThierryFaure@cy-tech.fr;30;"13	724";"IAP ";"HPDA ";"BI ";"ICC ";"IAC ";"VISUA ";"INEM ";CS;NMw8A4;Thierry.Faure;https://fac.img.pmdstatic.net/fit/http.3A.2F.2Fprd2-bone-image.2Es3-website-eu-west-1.2Eamazonaws.2Ecom.2FFAC.2Fvar.2Ffemmeactuelle.2Fstorage.2Fimages.2Fanimaux.2Fnews-animaux.2Fpandas-roux-nouvelles-cibles-braconniers-asie-47384.2F14864598-1-fre-FR.2Fpandas-roux-nouvelles-cibles-des-braconniers-en-asie.2Ejpg/1200x1200/quality/80/crop-from/center/pandas-roux-nouvelles-cibles-des-braconniers-en-asie.jpeg;;
Pierre;Boyer;PierreBoyer@cy-tech.fr;30;"13	718";"INEM ";"CS ";"IAC ";"VISUA ";"IAP ";"BI ";"ICC ";HPDA;ybnXin;Pierre.Boyer;https://www.photo21.fr/wp-content/uploads/2021/07/lama-coeur.jpg;;
Éric;Benard-Charpentier;ÉricBenard-Charpentier@cy-tech.fr;30;"13	689";"IAC ";"CS ";"ICC ";"IAP ";"VISUA ";"INEM ";"BI ";HPDA;!Uq-WI;Éric.Benard-Charpentier;https://www.photo21.fr/wp-content/uploads/2021/07/lama-coeur.jpg;;
Marcelle;Gauthier-Martineau;MarcelleGauthier-Martineau@cy-tech.fr;30;"13	572";"ICC ";"INEM ";"IAP ";"CS ";"IAC ";"VISUA ";"BI ";HPDA;KOvOTY;Marcelle.Gauthier-Martineau;https://fac.img.pmdstatic.net/fit/http.3A.2F.2Fprd2-bone-image.2Es3-website-eu-west-1.2Eamazonaws.2Ecom.2FFAC.2Fvar.2Ffemmeactuelle.2Fstorage.2Fimages.2Fanimaux.2Fnews-animaux.2Fpandas-roux-nouvelles-cibles-braconniers-asie-47384.2F14864598-1-fre-FR.2Fpandas-roux-nouvelles-cibles-des-braconniers-en-asie.2Ejpg/1200x1200/quality/80/crop-from/center/pandas-roux-nouvelles-cibles-des-braconniers-en-asie.jpeg;;
Christiane;Delmas;ChristianeDelmas@cy-tech.fr;30;"13	454";"CS ";"IAC ";"INEM ";"VISUA ";"ICC ";"BI ";"IAP ";HPDA;ixRo1-;Christiane.Delmas;https://www.renartleveille.com/wp-content/uploads/2010/01/Regard-de-canard.jpg;;
Corinne;Cousin;CorinneCousin@cy-tech.fr;30;"13	436";"CS ";"ICC ";"IAP ";"IAC ";"INEM ";"HPDA ";"BI ";VISUA;CoJMj6;Corinne.Cousin;https://www.101soundboards.com/storage/board_pictures/width/46/29138.webp?c=1643288470;;
William;du;Williamdu@cy-tech.fr;30;"13	426";"BI ";"INEM ";"CS ";"VISUA ";"IAC ";"IAP ";"HPDA ";ICC;SQxSpU;William.du;https://pm1.narvii.com/6728/7b069c5a5499d33800b3e874cfbbc8591ef3009av2_hq.jpg;;
Renée;Maurice;RenéeMaurice@cy-tech.fr;30;"13	418";"INEM ";"IAP ";"IAC ";"VISUA ";"CS ";"HPDA ";"ICC ";BI;eAD&Kp;Renée.Maurice;https://i.pinimg.com/736x/4d/3e/d9/4d3ed9632b2134e0b60b9d30f333eee0.jpg;;
Zacharie;Weber;ZacharieWeber@cy-tech.fr;30;"13	371";"ICC ";"CS ";"IAP ";"HPDA ";"INEM ";"BI ";"IAC ";VISUA;Upj&Wk;Zacharie.Weber;https://media.lelombrik.net/t/0e9c5ce3b090e0ba1f925c0a8f83ec8b/p/01.jpg;;
Louis;Rousseau;LouisRousseau@cy-tech.fr;30;"13	354";"VISUA ";"INEM ";"IAC ";"BI ";"CS ";"IAP ";"ICC ";HPDA;dEfAg7;Louis.Rousseau;https://www.101soundboards.com/storage/board_pictures/width/46/29138.webp?c=1643288470;;
Philippe;Hamel;PhilippeHamel@cy-tech.fr;30;"13	291";"ICC ";"IAP ";"CS ";"IAC ";"VISUA ";"HPDA ";"INEM ";BI;RxLpKw;Philippe.Hamel;https://i.ibb.co/PTsRNJN/sabikui-bisco-img.jpg;;
Élise;Mercier;ÉliseMercier@cy-tech.fr;30;"13	287";"HPDA ";"IAC ";"IAP ";"CS ";"VISUA ";"INEM ";"ICC ";BI;hc430g;Élise.Mercier;https://i.ibb.co/PTsRNJN/sabikui-bisco-img.jpg;;
Bernard;Chauvet;BernardChauvet@cy-tech.fr;30;"13	278";"IAP ";"IAC ";"ICC ";"INEM ";"CS ";"VISUA ";"HPDA ";BI;CtxEvK;Bernard.Chauvet;https://fac.img.pmdstatic.net/fit/http.3A.2F.2Fprd2-bone-image.2Es3-website-eu-west-1.2Eamazonaws.2Ecom.2FFAC.2Fvar.2Ffemmeactuelle.2Fstorage.2Fimages.2Fanimaux.2Fnews-animaux.2Fpandas-roux-nouvelles-cibles-braconniers-asie-47384.2F14864598-1-fre-FR.2Fpandas-roux-nouvelles-cibles-des-braconniers-en-asie.2Ejpg/1200x1200/quality/80/crop-from/center/pandas-roux-nouvelles-cibles-des-braconniers-en-asie.jpeg;;
Théodore;Pasquier;ThéodorePasquier@cy-tech.fr;30;"13	274";"CS ";"IAC ";"VISUA ";"IAP ";"ICC ";"HPDA ";"BI ";INEM;30bS!L;Théodore.Pasquier;https://media.lelombrik.net/t/0e9c5ce3b090e0ba1f925c0a8f83ec8b/p/01.jpg;;
Adèle;Begue;AdèleBegue@cy-tech.fr;30;"13	236";"IAC ";"BI ";"INEM ";"IAP ";"HPDA ";"CS ";"VISUA ";ICC;HZR8Lz;Adèle.Begue;https://fac.img.pmdstatic.net/fit/http.3A.2F.2Fprd2-bone-image.2Es3-website-eu-west-1.2Eamazonaws.2Ecom.2FFAC.2Fvar.2Ffemmeactuelle.2Fstorage.2Fimages.2Fanimaux.2Fnews-animaux.2Fpandas-roux-nouvelles-cibles-braconniers-asie-47384.2F14864598-1-fre-FR.2Fpandas-roux-nouvelles-cibles-des-braconniers-en-asie.2Ejpg/1200x1200/quality/80/crop-from/center/pandas-roux-nouvelles-cibles-des-braconniers-en-asie.jpeg;;
Adrien;Dumont;AdrienDumont@cy-tech.fr;30;"13	209";"INEM ";"CS ";"VISUA ";"ICC ";"IAP ";"IAC ";"HPDA ";BI;-PRZKp;Adrien.Dumont;https://media.lelombrik.net/t/0e9c5ce3b090e0ba1f925c0a8f83ec8b/p/01.jpg;;
Gilbert;Ferrand-Texier;GilbertFerrand-Texier@cy-tech.fr;30;"13	16";"CS ";"ICC ";"IAP ";"IAC ";"INEM ";"VISUA ";"BI ";HPDA;uAgRvF;Gilbert.Ferrand-Texier;https://i.ibb.co/PTsRNJN/sabikui-bisco-img.jpg;;
Anastasie;Rocher;AnastasieRocher@cy-tech.fr;30;"13	151";"IAP ";"ICC ";"HPDA ";"IAC ";"BI ";"CS ";"INEM ";VISUA;nVXk!a;Anastasie.Rocher;https://i.pinimg.com/originals/c3/44/3a/c3443a3f13d7174680f1ced0642f7bce.jpg;;
Franck;Le;FranckLe@cy-tech.fr;30;"13	115";"ICC ";"IAP ";"CS ";"IAC ";"INEM ";"HPDA ";"BI ";VISUA;8fNF-8;Franck.Le;https://encrypted-tbn0.gstatic.com/images?q=tbn:ANd9GcTfrlDDg5I1qbSDkYyWpOM_d3Y-cUCou0-meYGRCgncHWWVp3bp;;
Michel;Renault;MichelRenault@cy-tech.fr;30;"13	111";"HPDA ";"IAP ";"IAC ";"CS ";"ICC ";"BI ";"INEM ";VISUA;JiU58@;Michel.Renault;https://i.pinimg.com/originals/c3/44/3a/c3443a3f13d7174680f1ced0642f7bce.jpg;;
Margaud-Laure;Wagner;Margaud-LaureWagner@cy-tech.fr;30;"13	095";"ICC ";"INEM ";"IAP ";"HPDA ";"IAC ";"VISUA ";"CS ";BI;vWbegK;Margaud-Laure.Wagner;https://i.pinimg.com/736x/4d/3e/d9/4d3ed9632b2134e0b60b9d30f333eee0.jpg;;
Suzanne;de;Suzannede@cy-tech.fr;30;"13	063";"CS ";"IAC ";"INEM ";"BI ";"VISUA ";"IAP ";"ICC ";HPDA;TbBitm;Suzanne.de0;https://i.pinimg.com/originals/c3/44/3a/c3443a3f13d7174680f1ced0642f7bce.jpg;;
David;Ferrand;DavidFerrand@cy-tech.fr;30;"13	017";"CS ";"INEM ";"BI ";"ICC ";"IAC ";"IAP ";"HPDA ";VISUA;&Lqkeq;David.Ferrand;https://encrypted-tbn0.gstatic.com/images?q=tbn:ANd9GcTfrlDDg5I1qbSDkYyWpOM_d3Y-cUCou0-meYGRCgncHWWVp3bp;;
François;Duhamel;FrançoisDuhamel@cy-tech.fr;30;"13	014";"CS ";"ICC ";"IAP ";"VISUA ";"INEM ";"IAC ";"BI ";HPDA;alJnZM;François.Duhamel;https://www.101soundboards.com/storage/board_pictures/width/46/29138.webp?c=1643288470;;
Franck;Blot-Barbier;FranckBlot-Barbier@cy-tech.fr;30;"12	99";"CS ";"IAC ";"VISUA ";"IAP ";"ICC ";"HPDA ";"INEM ";BI;ZtlLsZ;Franck.Blot-Barbier;https://www.101soundboards.com/storage/board_pictures/width/46/29138.webp?c=1643288470;;
Benjamin;Martins;BenjaminMartins@cy-tech.fr;30;"12	989";"IAC ";"IAP ";"VISUA ";"CS ";"INEM ";"HPDA ";"ICC ";BI;C07WyW;Benjamin.Martins;https://dpsmiles.net/storage/profile/VtU6lfNwd2H4pReB.jpg;;
Hugues;du;Huguesdu@cy-tech.fr;30;"12	979";"IAP ";"HPDA ";"IAC ";"ICC ";"CS ";"INEM ";"VISUA ";BI;kJd&38;Hugues.du;https://fastcdn.mobalytics.gg/assets/lol/images/dd/summoner-icons/4568.png;;
Joséphine;Pons-Alves;JoséphinePons-Alves@cy-tech.fr;30;"12	961";"IAC ";"VISUA ";"CS ";"ICC ";"BI ";"INEM ";"IAP ";HPDA;RPTqfN;Joséphine.Pons-Alves;https://fastcdn.mobalytics.gg/assets/lol/images/dd/summoner-icons/4568.png;;
Diane;Martin;DianeMartin@cy-tech.fr;30;"12	893";"ICC ";"CS ";"INEM ";"VISUA ";"HPDA ";"BI ";"IAP ";IAC;6elvDM;Diane.Martin;https://media.lelombrik.net/t/0e9c5ce3b090e0ba1f925c0a8f83ec8b/p/01.jpg;;
Auguste;Fournier;AugusteFournier@cy-tech.fr;30;"12	886";"IAC ";"VISUA ";"BI ";"HPDA ";"ICC ";"IAP ";"INEM ";CS;rYap!F;Auguste.Fournier;https://encrypted-tbn0.gstatic.com/images?q=tbn:ANd9GcTfrlDDg5I1qbSDkYyWpOM_d3Y-cUCou0-meYGRCgncHWWVp3bp;;
Théodore;Louis;ThéodoreLouis@cy-tech.fr;30;"12	877";"IAC ";"IAP ";"CS ";"VISUA ";"HPDA ";"ICC ";"BI ";INEM;oF3k0g;Théodore.Louis;https://i.pinimg.com/originals/c3/44/3a/c3443a3f13d7174680f1ced0642f7bce.jpg;;
Chantal;Joubert;ChantalJoubert@cy-tech.fr;30;"12	875";"INEM ";"IAC ";"VISUA ";"CS ";"IAP ";"ICC ";"BI ";HPDA;9QH3na;Chantal.Joubert;https://www.101soundboards.com/storage/board_pictures/width/46/29138.webp?c=1643288470;;
Inès;Bouvet;InèsBouvet@cy-tech.fr;30;"12	822";"IAC ";"INEM ";"VISUA ";"CS ";"IAP ";"HPDA ";"BI ";ICC;XkB!BN;Inès.Bouvet;https://www.photo21.fr/wp-content/uploads/2021/07/lama-coeur.jpg;;
Sylvie;Le;SylvieLe@cy-tech.fr;30;"12	802";"CS ";"IAC ";"INEM ";"VISUA ";"BI ";"IAP ";"HPDA ";ICC;ySyiL&;Sylvie.Le;https://i.pinimg.com/originals/c3/44/3a/c3443a3f13d7174680f1ced0642f7bce.jpg;;
Anouk-Pénélope;Ollivier;Anouk-PénélopeOllivier@cy-tech.fr;30;"12	756";"INEM ";"CS ";"IAC ";"VISUA ";"BI ";"IAP ";"ICC ";HPDA;8@nr9U;Anouk-Pénélope.Ollivier;https://i.pinimg.com/474x/bf/73/29/bf73292fbc9d0642f16ab20e49b7c9e2.jpg;;
Olivie;Evrard;OlivieEvrard@cy-tech.fr;30;"12	689";"INEM ";"CS ";"IAC ";"VISUA ";"BI ";"IAP ";"ICC ";HPDA;kbYG@D;Olivie.Evrard;https://fastcdn.mobalytics.gg/assets/lol/images/dd/summoner-icons/4568.png;;
Augustin;Roche;AugustinRoche@cy-tech.fr;30;"12	601";"VISUA ";"CS ";"IAC ";"INEM ";"HPDA ";"IAP ";"ICC ";BI;YKMsJe;Augustin.Roche;https://www.101soundboards.com/storage/board_pictures/width/46/29138.webp?c=1643288470;;
Marcelle;du;Marcelledu@cy-tech.fr;30;"12	394";"IAC ";"CS ";"IAP ";"BI ";"ICC ";"HPDA ";"INEM ";VISUA;bQw_C0;Marcelle.du;https://i.pinimg.com/736x/4d/3e/d9/4d3ed9632b2134e0b60b9d30f333eee0.jpg;;
Antoine;Loiseau;AntoineLoiseau@cy-tech.fr;30;"12	307";"IAC ";"BI ";"VISUA ";"ICC ";"INEM ";"CS ";"HPDA ";IAP;6fp0X!;Antoine.Loiseau;https://encrypted-tbn0.gstatic.com/images?q=tbn:ANd9GcTfrlDDg5I1qbSDkYyWpOM_d3Y-cUCou0-meYGRCgncHWWVp3bp;;
Jérôme;Pottier;JérômePottier@cy-tech.fr;30;"12	294";"CS ";"BI ";"IAC ";"HPDA ";"ICC ";"INEM ";"VISUA ";IAP;iasxfB;Jérôme.Pottier;https://www.photo21.fr/wp-content/uploads/2021/07/lama-coeur.jpg;;
Julie;Lesage;JulieLesage@cy-tech.fr;30;"12	279";"VISUA ";"INEM ";"IAC ";"CS ";"IAP ";"BI ";"HPDA ";ICC;X852EI;Julie.Lesage;https://i.pinimg.com/736x/4d/3e/d9/4d3ed9632b2134e0b60b9d30f333eee0.jpg;;
Jacques;Guibert;JacquesGuibert@cy-tech.fr;30;"12	247";"IAP ";"IAC ";"VISUA ";"INEM ";"HPDA ";"ICC ";"CS ";BI;e08V9P;Jacques.Guibert;https://i.pinimg.com/originals/c3/44/3a/c3443a3f13d7174680f1ced0642f7bce.jpg;;
Paulette-Valérie;Albert;Paulette-ValérieAlbert@cy-tech.fr;30;"12	222";"ICC ";"IAP ";"HPDA ";"CS ";"IAC ";"INEM ";"BI ";VISUA;G-n2Tw;Paulette-Valérie.Albert;https://fac.img.pmdstatic.net/fit/http.3A.2F.2Fprd2-bone-image.2Es3-website-eu-west-1.2Eamazonaws.2Ecom.2FFAC.2Fvar.2Ffemmeactuelle.2Fstorage.2Fimages.2Fanimaux.2Fnews-animaux.2Fpandas-roux-nouvelles-cibles-braconniers-asie-47384.2F14864598-1-fre-FR.2Fpandas-roux-nouvelles-cibles-des-braconniers-en-asie.2Ejpg/1200x1200/quality/80/crop-from/center/pandas-roux-nouvelles-cibles-des-braconniers-en-asie.jpeg;;
Antoine;Lefort-Letellier;AntoineLefort-Letellier@cy-tech.fr;30;"12	126";"INEM ";"CS ";"IAP ";"IAC ";"BI ";"HPDA ";"ICC ";VISUA;K9@nag;Antoine.Lefort-Letellier;https://media.lelombrik.net/t/0e9c5ce3b090e0ba1f925c0a8f83ec8b/p/01.jpg;;
Josette;de;Josettede@cy-tech.fr;30;"11	888";"CS ";"BI ";"IAC ";"INEM ";"VISUA ";"HPDA ";"IAP ";ICC;IAi9wV;Josette.de;https://i.ibb.co/PTsRNJN/sabikui-bisco-img.jpg;;
Pénélope;Deschamps;PénélopeDeschamps@cy-tech.fr;30;"11	881";"IAC ";"IAP ";"HPDA ";"CS ";"ICC ";"VISUA ";"INEM ";BI;voAD4J;Pénélope.Deschamps;https://www.photo21.fr/wp-content/uploads/2021/07/lama-coeur.jpg;;
Thérèse;Meyer;ThérèseMeyer@cy-tech.fr;30;"11	74";"CS ";"INEM ";"IAC ";"ICC ";"IAP ";"VISUA ";"BI ";HPDA;e76wcH;Thérèse.Meyer;https://fac.img.pmdstatic.net/fit/http.3A.2F.2Fprd2-bone-image.2Es3-website-eu-west-1.2Eamazonaws.2Ecom.2FFAC.2Fvar.2Ffemmeactuelle.2Fstorage.2Fimages.2Fanimaux.2Fnews-animaux.2Fpandas-roux-nouvelles-cibles-braconniers-asie-47384.2F14864598-1-fre-FR.2Fpandas-roux-nouvelles-cibles-des-braconniers-en-asie.2Ejpg/1200x1200/quality/80/crop-from/center/pandas-roux-nouvelles-cibles-des-braconniers-en-asie.jpeg;;
Marcel;Guyot;MarcelGuyot@cy-tech.fr;30;"11	629";"CS ";"INEM ";"IAC ";"IAP ";"HPDA ";"ICC ";"BI ";VISUA;koBhT9;Marcel.Guyot;https://www.photo21.fr/wp-content/uploads/2021/07/lama-coeur.jpg;;
Daniel;Bernard;DanielBernard@cy-tech.fr;30;"11	59";"IAP ";"ICC ";"VISUA ";"BI ";"IAC ";"CS ";"INEM ";HPDA;70rVmb;Daniel.Bernard;https://www.101soundboards.com/storage/board_pictures/width/46/29138.webp?c=1643288470;;
Julie;Fernandez;JulieFernandez@cy-tech.fr;30;"11	349";"ICC ";"CS ";"HPDA ";"IAP ";"IAC ";"INEM ";"VISUA ";BI;QZo7AV;Julie.Fernandez;https://www.101soundboards.com/storage/board_pictures/width/46/29138.webp?c=1643288470;;
Hugues;Lesage;HuguesLesage@cy-tech.fr;30;"11	169";"INEM ";"IAC ";"CS ";"IAP ";"ICC ";"VISUA ";"BI ";HPDA;5t4&h5;Hugues.Lesage;https://fac.img.pmdstatic.net/fit/http.3A.2F.2Fprd2-bone-image.2Es3-website-eu-west-1.2Eamazonaws.2Ecom.2FFAC.2Fvar.2Ffemmeactuelle.2Fstorage.2Fimages.2Fanimaux.2Fnews-animaux.2Fpandas-roux-nouvelles-cibles-braconniers-asie-47384.2F14864598-1-fre-FR.2Fpandas-roux-nouvelles-cibles-des-braconniers-en-asie.2Ejpg/1200x1200/quality/80/crop-from/center/pandas-roux-nouvelles-cibles-des-braconniers-en-asie.jpeg;;
Zoé;Guibert-Huet;ZoéGuibert-Huet@cy-tech.fr;30;"11	063";"INEM ";"BI ";"VISUA ";"CS ";"ICC ";"HPDA ";"IAC ";IAP;G2zs@T;Zoé.Guibert-Huet;https://www.pngplay.com/wp-content/uploads/13/Sad-Pepe-Transparent-Free-PNG.png;;
Augustin;Gauthier;AugustinGauthier@cy-tech.fr;15;"14	286";"INEM ";"CS ";"VISUA ";"IAP ";"IAC ";"ICC ";"BI ";HPDA;&79-xH;Augustin.Gauthier;https://i.pinimg.com/736x/4d/3e/d9/4d3ed9632b2134e0b60b9d30f333eee0.jpg;;
Luce;Le;LuceLe@cy-tech.fr;15;"13	628";"ICC ";"INEM ";"CS ";"BI ";"VISUA ";"IAP ";"IAC ";HPDA;0aEa1N;Luce.Le;https://fac.img.pmdstatic.net/fit/http.3A.2F.2Fprd2-bone-image.2Es3-website-eu-west-1.2Eamazonaws.2Ecom.2FFAC.2Fvar.2Ffemmeactuelle.2Fstorage.2Fimages.2Fanimaux.2Fnews-animaux.2Fpandas-roux-nouvelles-cibles-braconniers-asie-47384.2F14864598-1-fre-FR.2Fpandas-roux-nouvelles-cibles-des-braconniers-en-asie.2Ejpg/1200x1200/quality/80/crop-from/center/pandas-roux-nouvelles-cibles-des-braconniers-en-asie.jpeg;;
Stéphane;Boulanger;StéphaneBoulanger@cy-tech.fr;15;"12	471";"CS ";"INEM ";"ICC ";"IAP ";"IAC ";"HPDA ";"BI ";VISUA;hkaghW;Stéphane.Boulanger;https://media.lelombrik.net/t/0e9c5ce3b090e0ba1f925c0a8f83ec8b/p/01.jpg;;
Alfred;Loiseau;AlfredLoiseau@cy-tech.fr;15;"12	233";"IAC ";"CS ";"HPDA ";"VISUA ";"BI ";"INEM ";"IAP ";ICC;AvpzXg;Alfred.Loiseau;https://i.pinimg.com/originals/c3/44/3a/c3443a3f13d7174680f1ced0642f7bce.jpg;;
Brigitte;Le;BrigitteLe@cy-tech.fr;15;"12	217";"VISUA ";"CS ";"IAC ";"INEM ";"BI ";"IAP ";"ICC ";HPDA;6s2kcF;Brigitte.Le;https://i.ibb.co/PTsRNJN/sabikui-bisco-img.jpg;;
Alice;Guillot;AliceGuillot@cy-tech.fr;15;"12	06";"CS ";"VISUA ";"INEM ";"IAC ";"IAP ";"BI ";"ICC ";HPDA;tOSox-;Alice.Guillot;https://i.pinimg.com/736x/4d/3e/d9/4d3ed9632b2134e0b60b9d30f333eee0.jpg;;
Lucy;Le;LucyLe@cy-tech.fr;15;"11	79";"CS ";"IAC ";"BI ";"INEM ";"IAP ";"ICC ";"VISUA ";HPDA;x_quiW;Lucy.Le;https://www.101soundboards.com/storage/board_pictures/width/46/29138.webp?c=1643288470;;
Madeleine;Charpentier-Leroux;MadeleineCharpentier-Leroux@cy-tech.fr;15;"11	763";"IAC ";"CS ";"BI ";"VISUA ";"INEM ";"HPDA ";"IAP ";ICC;e3O!Hw;Madeleine.Charpentier-Leroux;https://www.renartleveille.com/wp-content/uploads/2010/01/Regard-de-canard.jpg;;
Emmanuel;du;Emmanueldu@cy-tech.fr;15;"11	617";"IAC ";"BI ";"HPDA ";"IAP ";"VISUA ";"CS ";"INEM ";ICC;OOtePN;Emmanuel.du;https://www.photo21.fr/wp-content/uploads/2021/07/lama-coeur.jpg;;
Bernard;de;Bernardde@cy-tech.fr;15;"11	602";"CS ";"INEM ";"BI ";"IAC ";"VISUA ";"IAP ";"ICC ";HPDA;5aJyXw;Bernard.de;https://www.101soundboards.com/storage/board_pictures/width/46/29138.webp?c=1643288470;;
Céline;Auger;CélineAuger@cy-tech.fr;15;"11	535";"IAC ";"INEM ";"CS ";"BI ";"VISUA ";"HPDA ";"IAP ";ICC;pFyrZA;Céline.Auger;https://www.pngplay.com/wp-content/uploads/13/Sad-Pepe-Transparent-Free-PNG.png;;
Auguste;Picard;AugustePicard@cy-tech.fr;15;"11	53";"IAP ";"ICC ";"IAC ";"CS ";"VISUA ";"INEM ";"HPDA ";BI;7TiKiv;Auguste.Picard;https://i.pinimg.com/originals/c3/44/3a/c3443a3f13d7174680f1ced0642f7bce.jpg;;
Augustin;Allain;AugustinAllain@cy-tech.fr;15;"11	513";"CS ";"IAC ";"BI ";"INEM ";"VISUA ";"ICC ";"IAP ";HPDA;FqVOEZ;Augustin.Allain;https://i.pinimg.com/originals/c3/44/3a/c3443a3f13d7174680f1ced0642f7bce.jpg;;
Aurore;Pichon;AurorePichon@cy-tech.fr;15;"11	41";"CS ";"ICC ";"INEM ";"IAC ";"IAP ";"VISUA ";"HPDA ";BI;BoqKN2;Aurore.Pichon;https://i.pinimg.com/736x/4d/3e/d9/4d3ed9632b2134e0b60b9d30f333eee0.jpg;;
Danielle-Joséphine;Bruneau;Danielle-JoséphineBruneau@cy-tech.fr;15;"11	389";"CS ";"INEM ";"ICC ";"VISUA ";"IAP ";"IAC ";"HPDA ";BI;DBTB2E;Danielle-Joséphine.Bruneau;https://www.pngplay.com/wp-content/uploads/13/Sad-Pepe-Transparent-Free-PNG.png;;
Océane;Nguyen;OcéaneNguyen@cy-tech.fr;15;"11	37";"CS ";"HPDA ";"ICC ";"IAP ";"INEM ";"IAC ";"BI ";VISUA;lEuDhh;Océane.Nguyen;https://fastcdn.mobalytics.gg/assets/lol/images/dd/summoner-icons/4568.png;;
Alexandre;Perret;AlexandrePerret@cy-tech.fr;15;"11	305";"HPDA ";"IAP ";"IAC ";"INEM ";"VISUA ";"CS ";"ICC ";BI;BMC3w2;Alexandre.Perret;https://www.photo21.fr/wp-content/uploads/2021/07/lama-coeur.jpg;;
Gabrielle;Vasseur;GabrielleVasseur@cy-tech.fr;15;"10	902";"INEM ";"IAP ";"IAC ";"ICC ";"VISUA ";"CS ";"BI ";HPDA;1HkVmJ;Gabrielle.Vasseur;https://www.photo21.fr/wp-content/uploads/2021/07/lama-coeur.jpg;;
Pierre;Mary;PierreMary@cy-tech.fr;15;"10	831";"VISUA ";"INEM ";"BI ";"IAC ";"CS ";"IAP ";"HPDA ";ICC;EzlOyf;Pierre.Mary;https://encrypted-tbn0.gstatic.com/images?q=tbn:ANd9GcTfrlDDg5I1qbSDkYyWpOM_d3Y-cUCou0-meYGRCgncHWWVp3bp;;
Michelle;Guibert;MichelleGuibert@cy-tech.fr;15;"10	758";"VISUA ";"CS ";"IAC ";"INEM ";"BI ";"IAP ";"ICC ";HPDA;kbRYxF;Michelle.Guibert;https://www.renartleveille.com/wp-content/uploads/2010/01/Regard-de-canard.jpg;;
Marguerite;de;Margueritede@cy-tech.fr;15;"10	367";"IAC ";"CS ";"IAP ";"INEM ";"VISUA ";"ICC ";"BI ";HPDA;qp!WRk;Marguerite.de;https://fac.img.pmdstatic.net/fit/http.3A.2F.2Fprd2-bone-image.2Es3-website-eu-west-1.2Eamazonaws.2Ecom.2FFAC.2Fvar.2Ffemmeactuelle.2Fstorage.2Fimages.2Fanimaux.2Fnews-animaux.2Fpandas-roux-nouvelles-cibles-braconniers-asie-47384.2F14864598-1-fre-FR.2Fpandas-roux-nouvelles-cibles-des-braconniers-en-asie.2Ejpg/1200x1200/quality/80/crop-from/center/pandas-roux-nouvelles-cibles-des-braconniers-en-asie.jpeg;;
Victor;Vasseur;VictorVasseur@cy-tech.fr;15;"10	337";"VISUA ";"CS ";"INEM ";"IAC ";"BI ";"ICC ";"IAP ";HPDA;KnRy9f;Victor.Vasseur;https://dpsmiles.net/storage/profile/VtU6lfNwd2H4pReB.jpg;;
Simone-Gabrielle;Bonnet;Simone-GabrielleBonnet@cy-tech.fr;15;"10	301";"HPDA ";"IAP ";"ICC ";"BI ";"VISUA ";"CS ";"IAC ";INEM;YvXFdg;Simone-Gabrielle.Bonnet;https://www.pngplay.com/wp-content/uploads/13/Sad-Pepe-Transparent-Free-PNG.png;;
Adrien-Xavier;Menard;Adrien-XavierMenard@cy-tech.fr;15;"10	291";"ICC ";"IAC ";"BI ";"CS ";"IAP ";"HPDA ";"INEM ";VISUA;vMJ-6c;Adrien-Xavier.Menard;https://fac.img.pmdstatic.net/fit/http.3A.2F.2Fprd2-bone-image.2Es3-website-eu-west-1.2Eamazonaws.2Ecom.2FFAC.2Fvar.2Ffemmeactuelle.2Fstorage.2Fimages.2Fanimaux.2Fnews-animaux.2Fpandas-roux-nouvelles-cibles-braconniers-asie-47384.2F14864598-1-fre-FR.2Fpandas-roux-nouvelles-cibles-des-braconniers-en-asie.2Ejpg/1200x1200/quality/80/crop-from/center/pandas-roux-nouvelles-cibles-des-braconniers-en-asie.jpeg;;
Marcel;Carlier;MarcelCarlier@cy-tech.fr;15;"10	29";"INEM ";"CS ";"VISUA ";"IAC ";"IAP ";"ICC ";"BI ";HPDA;m3VNwS;Marcel.Carlier;https://encrypted-tbn0.gstatic.com/images?q=tbn:ANd9GcTfrlDDg5I1qbSDkYyWpOM_d3Y-cUCou0-meYGRCgncHWWVp3bp;;
Zacharie;Muller;ZacharieMuller@cy-tech.fr;15;"10	147";"VISUA ";"BI ";"IAC ";"IAP ";"ICC ";"INEM ";"CS ";HPDA;HK5G6l;Zacharie.Muller;https://i.ibb.co/PTsRNJN/sabikui-bisco-img.jpg;;
Andrée;Mendes;AndréeMendes@cy-tech.fr;15;"10	068";"VISUA ";"INEM ";"CS ";"BI ";"IAC ";"IAP ";"HPDA ";ICC;bslXSG;Andrée.Mendes;https://media.lelombrik.net/t/0e9c5ce3b090e0ba1f925c0a8f83ec8b/p/01.jpg;;
Auguste;Clerc-Maillard;AugusteClerc-Maillard@cy-tech.fr;15;"8	952";"HPDA ";"CS ";"IAC ";"BI ";"IAP ";"VISUA ";"ICC ";INEM;-v5XDW;Auguste.Clerc-Maillard;https://i.ibb.co/PTsRNJN/sabikui-bisco-img.jpg;;
Léon;Maillard;LéonMaillard@cy-tech.fr;15;"8	768";"VISUA ";"BI ";"INEM ";"IAC ";"CS ";"IAP ";"ICC ";HPDA;xD6P5d;Léon.Maillard;https://fastcdn.mobalytics.gg/assets/lol/images/dd/summoner-icons/4568.png;;
Jeanne;Poulain;JeannePoulain@cy-tech.fr;30;"13	411";"BI ";"IAC ";"CS ";"VISUA ";"INEM ";"IAP ";"ICC ";HPDA;9Tn2sk;Jeanne.Poulain;https://www.photo21.fr/wp-content/uploads/2021/07/lama-coeur.jpg;;
François;Thomas;FrançoisThomas@cy-tech.fr;30;"12	628";"BI ";"INEM ";"VISUA ";"IAC ";"CS ";"HPDA ";"ICC ";IAP;yMPmP6;François.Thomas;https://www.renartleveille.com/wp-content/uploads/2010/01/Regard-de-canard.jpg;;
André;Bouvier;AndréBouvier@cy-tech.fr;30;"12	333";"BI ";"IAC ";"CS ";"VISUA ";"INEM ";"HPDA ";"IAP ";ICC;tsPW66;André.Bouvier;https://dpsmiles.net/storage/profile/VtU6lfNwd2H4pReB.jpg;;
Monique;Lecomte;MoniqueLecomte@cy-tech.fr;15;"13	528";"BI ";"CS ";"IAC ";"VISUA ";"INEM ";"ICC ";"HPDA ";IAP;pa@VFn;Monique.Lecomte;https://i.pinimg.com/474x/bf/73/29/bf73292fbc9d0642f16ab20e49b7c9e2.jpg;;
Gérard;Dufour;GérardDufour@cy-tech.fr;15;"13	036";"BI ";"CS ";"IAC ";"ICC ";"VISUA ";"HPDA ";"INEM ";IAP;4j2GqS;Gérard.Dufour;https://fac.img.pmdstatic.net/fit/http.3A.2F.2Fprd2-bone-image.2Es3-website-eu-west-1.2Eamazonaws.2Ecom.2FFAC.2Fvar.2Ffemmeactuelle.2Fstorage.2Fimages.2Fanimaux.2Fnews-animaux.2Fpandas-roux-nouvelles-cibles-braconniers-asie-47384.2F14864598-1-fre-FR.2Fpandas-roux-nouvelles-cibles-des-braconniers-en-asie.2Ejpg/1200x1200/quality/80/crop-from/center/pandas-roux-nouvelles-cibles-des-braconniers-en-asie.jpeg;;
William;Andre;WilliamAndre@cy-tech.fr;15;"12	897";"BI ";"CS ";"VISUA ";"IAC ";"INEM ";"ICC ";"IAP ";HPDA;IDKa8D;William.Andre;https://i.pinimg.com/originals/c3/44/3a/c3443a3f13d7174680f1ced0642f7bce.jpg;;
Gabriel;Blanchet;GabrielBlanchet@cy-tech.fr;15;"12	597";"BI ";"IAC ";"ICC ";"CS ";"HPDA ";"IAP ";"INEM ";VISUA;Il6TpX;Gabriel.Blanchet;https://i.pinimg.com/736x/4d/3e/d9/4d3ed9632b2134e0b60b9d30f333eee0.jpg;;
Frédérique;Maillot-Guyot;FrédériqueMaillot-Guyot@cy-tech.fr;15;"11	851";"BI ";"INEM ";"IAC ";"HPDA ";"IAP ";"VISUA ";"CS ";ICC;u5X413;Frédérique.Maillot-Guyot;https://www.pngplay.com/wp-content/uploads/13/Sad-Pepe-Transparent-Free-PNG.png;;
Gilbert;Deschamps;GilbertDeschamps@cy-tech.fr;15;"11	51";"IAP ";"HPDA ";"ICC ";"IAC ";"VISUA ";"INEM ";"CS ";BI;L0q3yv;Gilbert.Deschamps;https://fastcdn.mobalytics.gg/assets/lol/images/dd/summoner-icons/4568.png;;
Élisabeth;Blondel;ÉlisabethBlondel@cy-tech.fr;15;"11	261";"IAP ";"IAC ";"VISUA ";"ICC ";"INEM ";"CS ";"HPDA ";BI;WskzYa;Élisabeth.Blondel;https://dpsmiles.net/storage/profile/VtU6lfNwd2H4pReB.jpg;;
Henriette-Marthe;Tanguy;Henriette-MartheTanguy@cy-tech.fr;15;"10	95";"CS ";"IAC ";"VISUA ";"INEM ";"ICC ";"IAP ";"BI ";HPDA;&ETKuo;Henriette-Marthe.Tanguy;https://fac.img.pmdstatic.net/fit/http.3A.2F.2Fprd2-bone-image.2Es3-website-eu-west-1.2Eamazonaws.2Ecom.2FFAC.2Fvar.2Ffemmeactuelle.2Fstorage.2Fimages.2Fanimaux.2Fnews-animaux.2Fpandas-roux-nouvelles-cibles-braconniers-asie-47384.2F14864598-1-fre-FR.2Fpandas-roux-nouvelles-cibles-des-braconniers-en-asie.2Ejpg/1200x1200/quality/80/crop-from/center/pandas-roux-nouvelles-cibles-des-braconniers-en-asie.jpeg;;
Daniel;Guillon;DanielGuillon@cy-tech.fr;15;"10	726";"BI ";"INEM ";"IAC ";"ICC ";"CS ";"IAP ";"HPDA ";VISUA;IZ_QL3;Daniel.Guillon;https://fastcdn.mobalytics.gg/assets/lol/images/dd/summoner-icons/4568.png;;
Claude;Gimenez;ClaudeGimenez@cy-tech.fr;15;"10	602";"CS ";"IAC ";"BI ";"VISUA ";"INEM ";"IAP ";"ICC ";HPDA;lEziOJ;Claude.Gimenez;https://www.101soundboards.com/storage/board_pictures/width/46/29138.webp?c=1643288470;;
Victor;Hubert;VictorHubert@cy-tech.fr;15;"10	576";"CS ";"ICC ";"HPDA ";"BI ";"IAC ";"IAP ";"VISUA ";INEM;SuUIXb;Victor.Hubert;https://media.lelombrik.net/t/0e9c5ce3b090e0ba1f925c0a8f83ec8b/p/01.jpg;;
Astrid;Fischer;AstridFischer@cy-tech.fr;15;"10	427";"CS ";"ICC ";"IAP ";"IAC ";"INEM ";"HPDA ";"VISUA ";BI;1&ySoA;Astrid.Fischer;https://pm1.narvii.com/6728/7b069c5a5499d33800b3e874cfbbc8591ef3009av2_hq.jpg;;
Philippe;De;PhilippeDe@cy-tech.fr;15;"9	523";"BI ";"INEM ";"VISUA ";"CS ";"IAC ";"IAP ";"ICC ";HPDA;YDQ3Ec;Philippe.De;https://media.lelombrik.net/t/0e9c5ce3b090e0ba1f925c0a8f83ec8b/p/01.jpg;;
Éric;Rousset;ÉricRousset@cy-tech.fr;15;"9	459";"CS ";"IAC ";"BI ";"IAP ";"ICC ";"VISUA ";"INEM ";HPDA;P4r6z7;Éric.Rousset;https://i.ibb.co/PTsRNJN/sabikui-bisco-img.jpg;;
Océane;Gauthier;OcéaneGauthier@cy-tech.fr;0;0;"IAP ";"HPDA ";"BI ";"IAC ";"VISUA ";"CS ";"ICC ";"INEM	";5OnweF;Océane.Gauthier;https://www.101soundboards.com/storage/board_pictures/width/46/29138.webp?c=1643288470;;
Jules;Cohen;JulesCohen@cy-tech.fr;0;0;"IAC ";"VISUA ";"BI ";"CS ";"INEM ";"IAP ";"HPDA ";"ICC	";8!U7E5;Jules.Cohen;https://fastcdn.mobalytics.gg/assets/lol/images/dd/summoner-icons/4568.png;;
Patrick;Morin;PatrickMorin@cy-tech.fr;15;"10	731";"BI ";"CS ";"IAC ";"ICC ";"IAP ";"INEM ";"VISUA ";HPDA;5JPGFF;Patrick.Morin;https://i.ibb.co/PTsRNJN/sabikui-bisco-img.jpg;;
Augustin;David-Rey;AugustinDavid-Rey@cy-tech.fr;15;"9	891";"CS ";"IAP ";"IAC ";"INEM ";"ICC ";"BI ";"HPDA ";VISUA;cpbud_;Augustin.David-Rey;https://media.lelombrik.net/t/0e9c5ce3b090e0ba1f925c0a8f83ec8b/p/01.jpg;;
Dorothée;Albert;DorothéeAlbert@cy-tech.fr;15;"9	291";"CS ";"BI ";"INEM ";"IAC ";"VISUA ";"HPDA ";"ICC ";IAP;PaUnOQ;Dorothée.Albert;https://media.lelombrik.net/t/0e9c5ce3b090e0ba1f925c0a8f83ec8b/p/01.jpg;;
Christophe-Honoré;Mallet;Christophe-HonoréMallet@cy-tech.fr;15;"9	255";"BI ";"IAC ";"VISUA ";"INEM ";"CS ";"IAP ";"ICC ";HPDA;r@xPfF;Christophe-Honoré.Mallet;https://fac.img.pmdstatic.net/fit/http.3A.2F.2Fprd2-bone-image.2Es3-website-eu-west-1.2Eamazonaws.2Ecom.2FFAC.2Fvar.2Ffemmeactuelle.2Fstorage.2Fimages.2Fanimaux.2Fnews-animaux.2Fpandas-roux-nouvelles-cibles-braconniers-asie-47384.2F14864598-1-fre-FR.2Fpandas-roux-nouvelles-cibles-des-braconniers-en-asie.2Ejpg/1200x1200/quality/80/crop-from/center/pandas-roux-nouvelles-cibles-des-braconniers-en-asie.jpeg;;
Édouard;Leconte;ÉdouardLeconte@cy-tech.fr;15;"9	007";"IAC ";"CS ";"VISUA ";"INEM ";"ICC ";"IAP ";"BI ";HPDA;JIV-7!;Édouard.Leconte;https://i.pinimg.com/736x/4d/3e/d9/4d3ed9632b2134e0b60b9d30f333eee0.jpg;;
Dominique;Leclerc;DominiqueLeclerc@cy-tech.fr;0;0;"CS ";"INEM ";"ICC ";"IAP ";"IAC ";"VISUA ";"HPDA ";"BI	";YTQlRY;Dominique.Leclerc;https://www.pngplay.com/wp-content/uploads/13/Sad-Pepe-Transparent-Free-PNG.png;;
René;Picard;RenéPicard@cy-tech.fr;0;0;"IAC ";"BI ";"VISUA ";"INEM ";"IAP ";"ICC ";"HPDA ";"CS	";PPEc9g;René.Picard;https://media.lelombrik.net/t/0e9c5ce3b090e0ba1f925c0a8f83ec8b/p/01.jpg;;
Jules;Arnaud;JulesArnaud@cy-tech.fr;0;0;"IAP ";"IAC ";"ICC ";"BI ";"HPDA ";"VISUA ";"CS ";"INEM	";gge0xn;Jules.Arnaud;https://pm1.narvii.com/6728/7b069c5a5499d33800b3e874cfbbc8591ef3009av2_hq.jpg;;
Raymond-Édouard;Coulon;Raymond-ÉdouardCoulon@cy-tech.fr;15;"1	475";"CS ";"IAC ";"BI ";"VISUA ";"IAP ";"ICC ";"HPDA ";INEM;h6lSI3;Raymond-Édouard.Coulon;https://encrypted-tbn0.gstatic.com/images?q=tbn:ANd9GcTfrlDDg5I1qbSDkYyWpOM_d3Y-cUCou0-meYGRCgncHWWVp3bp;;
Joséphine;Martin;JoséphineMartin@cy-tech.fr;0;0;"IAC ";"CS ";"INEM ";"VISUA ";"BI ";"IAP ";"HPDA ";"ICC	";-UD!yo;Joséphine.Martin;https://www.renartleveille.com/wp-content/uploads/2010/01/Regard-de-canard.jpg;;
Nath;du;Nathdu@cy-tech.fr;0;0;"CS ";"INEM ";"IAC ";"IAP ";"VISUA ";"HPDA ";"ICC ";"BI	";id0N7p;Nath.du;https://www.101soundboards.com/storage/board_pictures/width/46/29138.webp?c=1643288470;;
Anouk;Fournier;AnoukFournier@cy-tech.fr;0;0;"CS ";"IAC ";"IAP ";"INEM ";"VISUA ";"ICC ";"BI ";"HPDA	";XLcMx8;Anouk.Fournier;https://i.pinimg.com/736x/4d/3e/d9/4d3ed9632b2134e0b60b9d30f333eee0.jpg;;
